student_id,course_id,gender_f,edad,dias_desde_matricula,marcas_tot,presentes,ausentes,tardes,ausentes_30d,tardes_30d,horas_prom,n_items,nota_prom,nota_p25,frac_reprob,dias_desde_ultima_nota,asistencia_pct
179,31,1,20.660503460267996,68,9,6,3,1,0,0,1.4428865721437103,4,78.02041155100324,68.14226608293993,0.22135928304715569,24,0.6666666666666666
1548,39,0,22.813650918642644,33,21,13,8,0,4,0,1.918848922175736,8,82.80931578109188,71.12399498958115,0.2808220249714332,27,0.6190476190476191
1309,37,1,24.115457138588955,75,21,16,5,2,1,1,1.3765478120509778,3,62.290471625944406,57.059087912715874,0.3524661282503758,36,0.7619047619047619
878,7,1,18.968428201505823,91,10,8,2,3,1,1,1.4564972305418695,5,60.88462745423815,55.61692988307419,0.020643065988905064,26,0.8
866,41,1,25.897130709824914,48,39,26,13,4,6,3,2.1507772572849193,3,64.55496921303111,77.94089010498031,0.5239532902244939,33,0.4766300098860654
1717,27,1,23.2520094733388,24,15,12,3,4,1,3,2.089863076280081,9,78.51570782962459,67.431781472852,0.2815270968081427,35,0.8
172,16,1,16.0,52,18,10,8,0,2,0,1.417449799153683,8,70.80759343326729,64.37067720180058,0.11371947376460696,40,0.5555555555555556
1395,26,1,16.0,31,22,20,2,1,0,0,1.4065694625995837,9,65.66059547353737,58.089440149346316,0.08178990200558643,17,0.9090909090909091
403,48,0,22.950722828282753,51,34,23,11,1,6,0,1.4417613590169311,4,69.8955915109272,62.3064472976268,0.11843516746183919,32,0.6764705882352942
189,43,1,22.116130728854582,78,31,19,12,1,2,0,1.9930558265861964,5,63.0942766388669,54.96798014974137,0.35029030066657696,12,0.6129032258064516
1053,41,1,22.586319545701468,22,32,20,12,4,3,2,1.300006087675841,9,83.8341217409059,73.94338937195144,0.11655606927838016,38,0.625
1951,23,1,22.88807017387913,92,15,10,5,0,1,0,1.842685055614381,10,67.23248846393679,49.09251747953746,0.1851284538228943,42,0.6666666666666666
1471,39,0,23.902239358040724,34,35,24,11,0,3,0,1.9987387242537178,10,85.93534588216266,77.17631963751205,0.28229522169689303,14,0.6857142857142857
1522,19,1,26.7905984393932,108,34,20,14,4,6,2,1.66470181988276,3,64.97758003417796,60.34331820059889,0.44805392662263066,26,0.5082651179063974
1435,34,0,18.555580396329766,90,22,15,7,4,7,2,2.104025478745971,6,50.2565759698184,63.31240498858742,0.542383918135356,37,0.3100284938135713
1572,32,0,18.312113628396823,39,25,16,9,1,3,0,1.578275932204083,3,52.420809442836934,64.67658409097733,0.6562727384074201,3,0.31299952603815007
1026,13,1,18.62670456845047,71,9,6,3,1,0,0,1.614457759602434,10,48.758332224985836,35.84307221411942,0.06933071851838224,32,0.6666666666666666
257,14,1,24.155666668674826,22,32,23,9,2,2,1,1.3091015075472574,4,73.79231423325993,64.18305266783346,0.35096313107645555,37,0.71875
1679,3,1,27.979789514585782,20,38,27,11,2,3,1,2.106870939048082,10,73.29880808869841,82.85526642815776,0.11028767344724427,39,0.7105263157894737
901,7,0,21.274642247041957,115,23,16,7,4,4,3,1.3933918212084517,4,57.533371484997105,72.55133465621489,0.6101276274904384,10,0.3783930346369089
1001,22,1,16.0,98,25,15,10,2,4,1,1.8399087270860237,3,56.136950720166205,40.464293141651126,0.3904977161362677,34,0.6
742,24,1,16.184028549558498,26,23,14,9,0,3,0,1.671473573149626,10,86.61866360863547,86.60229395311464,0.0806559701816644,35,0.6086956521739131
365,9,1,19.667853108815954,41,10,6,4,2,2,1,1.278886774755335,6,83.20599294997656,69.12844224739452,0.054660788031190594,2,0.6
1853,21,1,20.76908445001914,31,27,23,4,2,0,1,1.4563587424706717,6,87.52043563698663,90.60825815949035,0.25040836004071465,32,0.8518518518518519
1563,30,0,21.366445490981093,53,31,30,1,2,0,1,2.2531488956162935,8,74.47278623995862,62.72079045974497,0.12754525979843812,28,0.967741935483871
1288,12,1,23.154324491923667,42,37,35,2,2,8,1,1.7806630170537923,5,38.502420808261064,77.1735628450765,0.6209165544796481,43,0.32505050861596946
805,17,0,21.75301467671021,46,37,29,8,4,4,3,1.2963398634532632,9,60.287559650930945,61.68744451190941,0.24044844688635042,3,0.7837837837837838
1645,19,1,27.19735844217363,68,23,18,5,4,2,2,1.8221313149394767,6,82.13047565204533,72.34592434308618,0.3035940908888942,43,0.782608695652174
1091,25,0,20.295930777274524,30,38,27,11,1,4,0,1.6415543873621818,5,67.28837237900055,54.68501338239231,0.31727934968286264,26,0.7105263157894737
887,18,0,19.550728162097826,107,24,21,3,1,7,0,3.081618560897673,6,37.50399988337767,49.03043366048435,0.3662837838552908,13,0.46258386965800935
901,37,1,24.915502154081846,90,28,24,4,3,1,2,1.814049536536909,3,63.75859481835639,53.41928427011794,0.2227468271759769,18,0.8571428571428571
455,17,1,16.857431720295523,93,27,24,3,2,1,1,1.547750061173454,5,75.0553113862927,68.70201583564895,0.3254713482725843,34,0.8888888888888888
185,22,1,24.55876682128001,28,39,36,3,2,1,1,2.2680111671148415,8,66.75700791782397,66.20256693870806,0.0644348045696741,44,0.9230769230769231
1109,19,1,23.410212734905066,87,31,23,8,0,4,0,0.9635855330828618,4,78.760735316958,67.99327922760975,0.08307290070826996,15,0.7419354838709677
1775,9,1,22.41023004032733,101,11,9,2,1,1,0,1.737728062552439,4,56.91762444995983,41.91860877217465,0.000964558972671048,44,0.8181818181818182
128,34,0,29.35310442859705,29,10,9,1,3,0,1,2.497771397872429,8,53.729024563841385,41.21070114693155,0.20985366255811524,29,0.9
1716,12,0,20.51117021882113,92,21,15,6,4,2,2,1.6535202862560983,6,88.72387434143576,88.67537765984115,0.07787267874478038,10,0.7142857142857143
1655,15,0,31.24119268209631,49,24,22,2,3,1,2,1.0066795821407684,4,84.03800129401435,82.09757892285809,0.28969703029075966,27,0.9166666666666666
554,39,0,22.098274203087602,96,29,18,11,1,9,0,1.541632814235761,9,58.05135131086108,59.890902608051285,0.4387315071839369,36,0.33711059458700415
1263,47,0,17.891934220119087,62,23,22,1,0,0,0,2.2818072163836147,9,74.9700035652946,73.34190537041518,0.08350219559962811,4,0.9565217391304348
331,33,1,23.2796783239793,98,24,21,3,0,8,0,1.8504278385283084,3,50.191907782983996,77.01831092378907,0.49921861374432663,5,0.49446580047042676
1516,45,1,18.69501919872493,26,37,23,14,1,4,0,1.3644575561949928,4,79.19200608290606,69.61834286218397,0.08473378458340455,2,0.6216216216216216
1401,42,1,19.992976608745998,52,18,15,3,2,1,1,1.4259028771283904,6,76.48223096183479,74.20324409480426,0.0072027435918816,26,0.8333333333333334
709,24,0,24.588133200061964,40,23,14,9,4,2,2,1.4761198915400746,9,85.95154081312597,74.84302697602386,0.30342167768583395,4,0.6086956521739131
136,38,1,25.2223283546005,37,25,22,3,4,1,2,1.8444791536215983,3,67.6928752479878,57.28845947190774,0.17360187066035715,42,0.88
1941,17,1,20.511329198982967,43,22,19,3,0,1,0,2.2352784531754613,10,75.31178448664629,69.5044209860211,0.37871474460586124,7,0.8636363636363636
891,23,1,26.949620580185602,52,38,31,7,3,3,1,2.1209692051196685,5,74.82151361707608,67.51160156101201,0.21371435285736223,5,0.8157894736842105
1786,27,0,27.630031032084535,24,38,35,3,1,8,0,1.8824048728436513,4,46.18795803216168,72.0715842259017,0.26988586862266734,13,0.5331675957922761
1356,48,0,28.745207026253162,87,24,15,9,0,4,0,1.1673420959770067,10,71.10194488579248,64.43099351094077,0.17990977671891117,34,0.625
1556,42,1,25.11765362850289,70,22,15,7,2,1,1,1.1688269944026235,3,75.7286823782849,67.6991424817636,0.0811567179224066,40,0.6818181818181818
1520,24,0,28.453714848342795,101,26,19,7,0,2,0,1.9133008084855052,4,75.34407495985528,66.66908457894252,0.35121170907462984,12,0.7307692307692307
390,32,0,16.0,87,13,8,5,1,1,0,1.1618115608268422,11,64.51572357465474,55.00021592657404,0.2763612723550099,24,0.6153846153846154
728,10,0,21.72837380548615,26,21,16,5,2,6,1,1.6097731915725582,7,48.08898642304929,74.04099212608219,0.596406481169796,35,0.591154999125632
933,40,1,19.531978974706295,17,14,9,5,1,9,0,1.8216601784744708,7,28.911668221087446,58.29352271140011,0.39555854098679,36,0.5845220884913143
996,28,1,23.476903444509567,56,12,8,4,2,1,1,1.2449624018549243,9,72.81766555452826,63.67288578431099,0.2677920752852114,8,0.6666666666666666
88,27,0,20.71420312321305,62,11,8,3,2,1,1,1.2902950662564545,8,72.04719527279948,60.039067299558496,0.31314308665817014,38,0.7272727272727273
1093,38,0,22.33536863220107,36,26,24,2,3,0,1,1.6623515741728725,8,78.58103612659215,70.96302841983074,0.032058883948216675,39,0.9230769230769231
309,32,1,30.528699520816197,96,8,5,3,0,1,0,1.9014601150096215,3,53.80896059782667,44.53858103449996,0.009007536798098714,33,0.625
1487,4,1,22.321120814318487,73,28,26,2,0,0,0,2.1246075081655027,7,83.90909814929458,76.65378239995106,0.04578107886795593,24,0.9285714285714286
1366,15,1,24.655169268760854,92,21,15,6,2,1,1,1.9428213739082207,5,68.23009652387836,62.817132189796645,0.1579985240690252,18,0.7142857142857143
1845,9,0,22.07092268030306,21,19,13,6,1,2,0,1.7294626379968778,10,87.19963294777054,77.10811428010012,0.18668264403283683,40,0.6842105263157895
1489,37,1,23.302853151827335,99,32,25,7,3,2,2,1.4015220985771801,7,70.21835075483845,64.43925453151928,0.05458465208553936,39,0.78125
733,2,0,23.024066721744287,32,25,18,7,0,1,0,1.2716372016621922,4,74.51156414265989,64.96697653869113,0.1644612551598421,24,0.72
1935,10,1,24.79329626389264,59,31,21,10,2,5,1,1.495649164668341,10,94.13786040068423,86.02483891464405,0.1766491145447322,33,0.6774193548387096
822,30,0,27.661230142188707,58,30,23,7,4,3,2,1.8639742339922267,5,72.22661791206332,65.44235661814389,0.043635985470994676,19,0.7666666666666667
652,35,0,29.589575990413316,100,9,5,4,0,1,0,1.8346494826509372,5,87.38849884673459,80.70107017532123,0.36666398407829365,33,0.5555555555555556
1811,25,0,24.23848032763667,40,14,10,4,1,2,0,0.860039205709951,11,75.3904508556456,69.42293482530835,0.23965837103508303,5,0.7142857142857143
741,43,0,25.35818754414241,36,26,21,5,4,2,3,1.3857291886929988,9,79.1541883029349,77.73739299129096,0.15541421218251283,40,0.8076923076923077
153,46,1,18.396541963257732,47,39,29,10,2,3,1,2.1818030206424623,10,75.69958589411374,66.16800551346697,0.20276287338888266,24,0.7435897435897436
939,7,0,22.64849303033752,49,12,10,2,0,0,0,1.7316860191216557,8,83.47851626300124,74.55232896188795,0.1256789945875227,27,0.8333333333333334
1591,47,0,26.761157859534357,29,11,7,4,1,5,0,1.1331964347588057,11,46.47550148434399,56.74600286167551,0.37716823511845643,10,0.38200954507058343
379,31,0,26.463874553668614,29,38,36,2,3,0,1,2.6423284726392606,4,65.15951476980814,59.28534237903532,0.2300060166274015,24,0.9473684210526315
926,32,1,23.846438931180202,35,38,34,4,4,1,3,1.6884233070740942,8,68.61423809622978,53.03270359432311,0.1979583257574174,2,0.8947368421052632
260,5,1,26.54557583827181,61,13,12,1,1,0,0,1.8537335837253632,5,75.99710376324091,69.51604755463944,0.36435416123823905,40,0.9230769230769231
1373,31,1,24.963066835975276,47,20,18,2,2,0,1,1.8598099024180539,6,72.7918121444967,68.29225071327548,0.3351918792936271,34,0.9
951,36,1,27.801225033037287,53,28,18,10,3,9,2,1.5529618135359256,5,41.97562608645421,78.07748844408242,0.36668140421026585,21,0.30882288078695186
661,29,1,24.157436627828446,89,14,11,3,0,1,0,1.4089705272714421,4,88.0473169982152,86.98300661113385,0.09024368169273767,37,0.7857142857142857
454,5,1,21.577206737715862,36,18,11,7,1,2,0,2.548669994026376,6,65.24161662764992,51.111105058077406,0.06124924458734271,36,0.6111111111111112
1129,26,0,24.343365027732094,110,20,18,2,3,0,2,2.1012823478471003,11,67.66051208386068,54.17624252078603,0.2760386078850991,7,0.9
1339,46,1,16.0,92,28,23,5,0,1,0,2.0287748804434704,8,60.63760581687146,50.234625165332425,0.18745690253655836,4,0.8214285714285714
1880,36,1,24.5315429455402,29,17,11,6,3,2,2,1.9305156766872842,6,95.30372990759105,90.88808513869417,0.27348508518273745,12,0.6470588235294118
874,7,1,16.0,44,21,20,1,2,5,1,1.298673043855326,6,55.34457306892066,62.8016242649818,0.37752066943902896,2,0.3988236648335304
322,48,0,16.106146370378326,30,17,10,7,4,6,2,2.211012076696109,7,55.96024622707205,73.2048998466024,0.4021066744710245,26,0.512544035613796
1665,47,1,24.807074403763938,40,32,26,6,0,7,0,1.3627469367953002,5,52.613441873039285,54.67401947459613,0.5221710511342716,24,0.3179403627817618
1259,9,0,24.910117349067182,50,12,10,2,4,1,2,1.8133147192602583,7,74.98830010993126,61.23926378818695,0.1963326265032735,25,0.8333333333333334
1400,40,0,18.350284879440277,24,15,9,6,1,3,0,1.0442440378141724,9,80.09247984413085,69.45683750620736,0.10941972541059895,5,0.6
195,20,1,20.151591832484243,11,15,12,3,0,1,0,0.883656459740992,5,72.47242309465575,55.66801053963738,0.26691811040647984,41,0.8
625,30,0,28.482163954456528,58,36,32,4,3,0,2,1.827316481061246,8,85.75705624826395,76.76216720698787,0.29869217835228673,43,0.8888888888888888
1535,22,0,21.063879473709296,87,38,23,15,2,3,1,1.3763602931220367,9,98.1183112564283,91.7064344547432,0.18881557842129776,27,0.6052631578947368
1664,39,1,31.97168124961194,43,24,19,5,4,5,2,0.9043329714810906,7,51.16366919039313,59.97659126289967,0.5126043948550284,2,0.40791379730142857
870,49,0,22.992320587294614,104,13,9,4,0,1,0,1.91624380117883,5,64.77912754023303,64.16711224899554,0.2041750276283105,19,0.6923076923076923
1609,39,1,24.632144707525068,50,32,27,5,0,1,0,2.5480323084203156,7,66.22243934471423,59.33682243593905,0.2851486887868037,32,0.84375
1683,46,0,29.46749759399443,109,23,14,9,2,5,1,2.2558241034320248,10,91.0619916001649,78.48361824485538,0.08998729911829013,34,0.6086956521739131
775,47,0,23.52410846477368,35,35,33,2,4,0,2,1.5970728458937309,4,85.42355317029684,75.02821647967257,0.2955372183732168,12,0.9428571428571428
1796,5,1,18.990624077236795,69,19,17,2,2,1,1,1.7035381226787782,8,73.64472182206352,65.5634897958219,0.2860496093828071,37,0.8947368421052632
577,13,1,22.56109019322284,93,39,26,13,3,6,2,2.0550825027135655,9,75.36559664400875,71.34533441927407,0.10664228281967106,43,0.6666666666666666
479,36,0,22.857557055239635,16,33,23,10,4,4,2,2.1488512079339626,5,66.83456373803278,57.927071665981835,0.22238839641607,23,0.696969696969697
1365,29,1,17.54103339119374,112,15,12,3,4,4,2,1.5625857124697204,6,36.021226010237854,71.84901675665034,0.36507028912084394,18,0.38941036426407205
1273,3,1,21.976671714636705,50,31,27,4,2,9,1,1.7136710862898297,10,52.72514463997499,61.47810473303453,0.34289092445794334,24,0.36580369074569297
280,5,0,20.031231624010253,64,17,13,4,3,1,2,1.8202459227058145,6,72.39923460545,63.73229392691657,0.2943919136058705,3,0.7647058823529411
1665,26,1,26.697431028749737,79,19,12,7,2,1,1,1.9215505281115326,8,81.08789771529257,76.27572832841739,0.38158668685875485,24,0.631578947368421
400,31,0,23.138447496741023,80,16,10,6,3,3,2,1.6467694231954932,4,73.12005061916778,61.65132336271974,0.34649676790302597,3,0.625
1609,9,1,21.86881700340972,12,29,28,1,2,0,1,1.6519659019725021,11,72.65034006502154,77.17795933999827,0.16060803307211047,3,0.9655172413793104
15,9,1,22.575272277509693,105,16,12,4,2,1,1,2.2519329319017554,8,75.10575205529075,65.57436921983017,0.2428830931952554,25,0.75
1593,7,1,23.892488073624666,78,28,26,2,2,0,1,2.1838082809771544,9,82.95355413793077,64.67226621415237,0.3967080537010816,23,0.9285714285714286
1574,28,1,25.46725679875912,119,26,20,6,3,2,2,1.8909642293744353,8,91.46493075483833,89.49842430416572,0.22737496455028738,44,0.7692307692307693
1560,1,0,19.001151085322476,61,32,30,2,3,0,2,2.3876436280091715,6,80.85486232246082,73.82034014126629,0.04601104097214664,23,0.9375
1330,29,0,18.833649469514913,77,39,24,15,4,6,3,1.545421695109433,6,53.03518356418707,75.06478619674158,0.6218611855321106,44,0.5118392264190945
943,24,0,27.418716861610122,58,8,5,3,3,9,2,2.349189379451752,9,57.96154123014984,66.85179063521507,0.2917255019543649,36,0.4977291015073122
1410,23,1,21.350652511181078,107,39,37,2,0,0,0,1.9170061774142202,10,67.92202136831283,55.77652439807691,0.16945133016073846,16,0.9487179487179487
554,34,1,17.332631629612504,101,11,10,1,2,0,1,3.0084104488858356,4,81.53986232235115,71.65005826492995,0.09872515625167777,41,0.9090909090909091
1561,26,0,24.77525083753242,109,24,17,7,1,2,0,1.223007229287009,10,76.71240824600571,68.10320675581643,0.1390688122643788,22,0.7083333333333334
1111,36,1,24.853479224130748,65,18,13,5,0,1,0,1.4242618991130633,10,60.77371351250251,49.58462326782539,0.30294914661858097,27,0.7222222222222222
918,38,1,16.877138970973174,97,28,21,7,0,2,0,1.867519131280219,3,71.71930376574402,63.65230092945705,0.18609893425353166,6,0.75
1011,46,1,23.917926861854426,49,31,23,8,2,2,1,1.8588936211915967,3,74.17102976518447,53.45157180989042,0.3473997970103506,11,0.7419354838709677
1137,40,0,25.942332369713494,60,35,23,12,4,5,2,2.4800555936700075,9,64.94567849944158,61.29003359508825,0.4807702785404173,24,0.460648228210303
75,26,1,24.497545806825052,93,20,18,2,2,9,1,1.4326501266801863,10,34.45951461142713,81.03622755146245,0.48425239338517423,13,0.5732323919044793
280,25,1,25.52792593504558,18,37,25,12,2,3,1,2.0619674074775536,6,79.79839036902217,78.64026256731528,0.35540150671593734,27,0.6756756756756757
491,12,0,17.382923607637004,88,18,15,3,0,1,0,2.164985201872798,8,88.73174917888647,82.90555048810018,0.10181888471440366,5,0.8333333333333334
229,30,0,24.32416061998478,11,14,8,6,3,7,1,1.981859132888259,11,44.89218539505429,65.04474188932235,0.5083615630652296,12,0.33094165581908175
879,7,0,21.789520962118214,73,20,12,8,0,8,0,1.315601463230272,5,42.06186690273884,73.15570576569027,0.6485425521582111,30,0.3449067673434392
1337,46,0,21.06883936510142,62,24,20,4,4,2,3,2.2631035221016793,5,65.63402182389751,66.26425052110534,0.39644268977183933,28,0.8333333333333334
1309,42,1,26.482222437678907,61,29,21,8,4,2,3,2.1917299725261654,11,75.11929533196567,66.99003344721538,0.10440244352103863,44,0.7241379310344828
942,6,1,28.91709804269692,64,34,28,6,4,8,3,1.939833807916151,5,49.38005750708059,61.64756122685449,0.5307612730426454,40,0.4150349037658239
1710,39,1,30.177480218401435,64,15,9,6,1,1,0,1.7817390748835815,7,61.32886115965767,53.15933624487317,0.33966144847982616,36,0.6
1130,6,0,28.25923148602362,54,17,16,1,0,0,0,1.7904432040177485,6,69.60472530229605,62.94922371280142,0.06418586509118858,2,0.9411764705882353
159,36,1,22.561063273479267,59,38,33,5,1,2,0,1.6685056831042488,7,71.76717401483637,71.20112576580028,0.33915173712419167,27,0.868421052631579
1530,5,0,24.410880652105373,72,22,20,2,3,1,2,1.9563140537010568,5,79.13479544055721,69.32577894974844,0.00489826631632897,11,0.9090909090909091
1149,24,1,26.067291487136973,93,15,9,6,1,3,0,1.7124539411779909,9,79.61350111985706,68.96840068432488,0.17679085523416296,13,0.6
1269,33,0,23.484711797197846,70,39,28,11,4,2,3,1.3605900098589434,9,69.18681518034795,68.31374517675235,0.18881504901245538,11,0.717948717948718
1131,36,0,23.523056751646177,80,22,16,6,0,3,0,1.280563342068963,4,79.68869602541885,67.15056623062998,0.14963628530349435,21,0.7272727272727273
1107,21,1,26.295012527504728,102,39,31,8,0,2,0,1.399185498539083,7,73.17921070651482,62.116428602946385,0.23455389852019992,7,0.7948717948717948
182,46,0,22.762869415896272,118,37,26,11,1,3,0,1.7888528970197806,3,46.303799751450434,33.77453598126105,0.3659369394810528,24,0.7027027027027027
1118,38,1,20.082852254505354,21,36,22,14,3,3,1,1.689217665425917,4,70.15297968048458,59.818879313151214,0.13079564572011565,9,0.6111111111111112
1590,11,1,21.342107736656565,88,26,19,7,3,4,2,1.7861375173154996,11,85.78988640142379,75.17515556617852,0.2317039548665697,23,0.7307692307692307
608,33,1,25.53564151093497,34,33,22,11,1,2,0,1.9003252534184445,7,58.18194243372321,48.09905883891625,0.35098501029732915,28,0.6666666666666666
1206,36,1,23.011973164799823,31,38,28,10,3,5,1,1.4490716296332484,8,76.1269120041554,64.65302271815062,0.3091981580405513,9,0.7368421052631579
62,17,0,24.360839907473352,97,16,10,6,3,4,2,2.286264067338139,10,48.10721486574431,90.12764321834855,0.6881351948116105,6,0.4967646155588702
695,37,1,25.68031696880876,17,9,6,3,2,1,1,1.5929156691810102,9,67.39387046989519,65.39810820438124,0.3771163056510649,36,0.6666666666666666
873,45,0,21.50063414840956,103,18,15,3,2,1,1,1.5266292060873963,10,75.02149080427687,69.96552240503595,0.018658761703445093,33,0.8333333333333334
1965,41,1,26.024992654519224,94,28,20,8,0,4,0,1.8929544949329808,9,61.959837427720785,54.479118114411,0.23550338974973184,13,0.7142857142857143
429,38,0,24.515370413833576,119,25,18,7,1,1,0,0.9653959190499708,7,91.27231141663572,81.71976372340299,0.23014144812606593,40,0.72
553,32,0,18.060747652354085,83,10,8,2,2,0,1,1.3837862201108322,8,74.16667373003386,64.86794711711846,0.31455609228092646,11,0.8
817,14,1,28.769219164744978,106,25,22,3,0,1,0,2.092429119476733,5,75.46626842794018,62.99784518211605,0.05937722073959106,41,0.88
1985,39,0,20.997021024972334,23,13,9,4,2,8,1,1.0050312283751557,11,46.12734341535884,75.94902346073482,0.6421088875069274,6,0.4752237876736236
1706,18,1,16.379618627259266,107,24,19,5,0,1,0,2.1470296787732623,4,81.6147839464548,77.10432437962999,0.30084277309534424,30,0.7916666666666666
70,27,1,18.81982516165479,27,26,25,1,3,0,2,2.304454626543654,10,66.2437126750326,57.28940823483072,0.05980190096465004,2,0.9615384615384616
468,16,1,18.91581935728671,44,28,22,6,0,1,0,1.5522178648705007,10,68.52722075912683,63.91854695001419,0.18777805082625584,10,0.7857142857142857
1643,16,1,23.208693274630132,24,21,19,2,0,0,0,1.816725106970524,4,79.94931304523298,72.70230119864725,0.2926592360843728,19,0.9047619047619048
117,8,1,21.90459797781505,54,21,18,3,3,0,1,2.1476348339404105,9,68.7587894493706,59.47162397317662,0.2604967715130725,5,0.8571428571428571
1711,48,0,21.65267212943763,92,29,18,11,1,6,0,1.513284324782592,11,53.82756687879473,59.46241518468149,0.08424167444523807,21,0.6206896551724138
563,8,0,25.478807861929916,39,31,23,8,1,9,0,2.0471102082104724,8,56.22083489120939,56.822615855050486,0.3466331167692452,11,0.32221280624037957
1835,5,0,24.359501444770814,100,33,28,5,1,7,0,1.4315404819477313,6,39.188686310553734,49.932238679162,0.3585324896013855,6,0.5875274411239402
587,46,1,24.264191482577147,76,18,17,1,1,0,0,1.5089590826667283,10,91.16281753563726,85.54563063729088,0.17946824806195358,43,0.9444444444444444
869,28,0,24.63931382931477,79,21,16,5,3,1,1,1.3802654142700104,7,76.76787637763152,61.058397356710614,0.017782990574552217,44,0.7619047619047619
1324,22,0,25.464538672008953,113,18,11,7,3,3,1,1.8370588796779213,4,65.94824943256424,59.33797411450902,0.08783395978653306,43,0.6111111111111112
253,37,0,16.0,57,24,19,5,1,2,0,2.1631876210262195,5,68.01367585337546,59.48359831006323,0.13697403586473508,8,0.7916666666666666
1114,19,0,21.542246990942154,47,12,7,5,3,2,2,1.6263548271531343,9,56.106024121260795,50.054487362851305,0.3997957617178344,18,0.5833333333333334
1010,7,0,16.0,119,21,18,3,3,0,2,1.1915003360350387,7,64.00538113219497,49.39741378242161,0.12107661899076745,16,0.8571428571428571
1568,36,0,23.144239707191183,71,14,11,3,2,9,1,1.2669172710852736,4,39.67102826085915,77.58317085063051,0.40514836116182673,16,0.39151944493841745
1992,9,0,22.981468111102618,77,25,21,4,2,0,1,1.8578397685482162,10,97.31786145492391,88.71992505196587,0.2051686310221344,19,0.84
1328,28,0,27.182129099158722,42,35,32,3,4,1,3,2.4376465653577077,4,82.26396513198958,69.44883651988779,0.03344215398959083,23,0.9142857142857143
818,47,0,27.750537570884482,33,39,32,7,2,4,1,1.857489999725759,4,74.0795746137897,63.739016783945395,0.10962703947828874,22,0.8205128205128205
813,46,0,23.81110019300947,28,22,18,4,1,1,0,1.5452413797394988,7,70.68040624346084,62.89779850399712,0.39695327043757567,14,0.8181818181818182
836,18,1,20.998555690412402,34,9,7,2,2,0,1,2.0064735867401136,3,65.43504186423638,52.99347797480653,0.2818554075720618,44,0.7777777777777778
1628,39,0,24.94064445018295,31,15,13,2,4,8,3,1.6042005457653015,6,39.80619783121566,77.44372607568559,0.42618148678605905,44,0.4076917841349281
643,31,0,20.888329450702745,92,11,10,1,3,7,2,1.5486859130543174,11,45.117379300592106,63.84287118615856,0.49884780413846297,16,0.487088939713027
334,24,0,22.994429394226604,16,32,19,13,0,2,0,1.3166163577218946,11,96.15629830062504,87.68925794913477,0.06865500505153972,11,0.59375
669,7,1,26.944545267843072,79,39,31,8,2,6,1,2.263379537698542,10,38.17127827270523,80.25268676162429,0.35463068480335247,24,0.5835496552379204
46,19,1,20.768914616042306,114,25,17,8,3,2,1,0.6843168330017344,5,57.592035686537265,44.350317683211195,0.23482616533952083,17,0.68
213,32,1,26.222714556970004,94,13,12,1,1,0,0,2.0191436801117075,3,68.34047604240708,62.73726698253876,0.2022623558560863,44,0.9230769230769231
181,49,0,25.70960547476921,54,8,6,2,4,0,3,1.514502024880985,10,68.30954875826177,61.422818997108415,0.2971466337262033,20,0.75
1543,1,0,19.180832731476713,16,39,29,10,4,5,2,1.5358637074193549,6,74.2015363589426,72.35130815544917,0.3569224912927439,3,0.7435897435897436
1444,36,0,26.895576512869603,101,18,12,6,4,1,3,2.376926062447125,9,74.39685746886246,71.13232891942236,0.09867274297266478,7,0.6666666666666666
1393,42,1,25.79426538148602,10,11,8,3,0,1,0,1.4143475631199793,4,100.0,94.07120001079188,0.3691967946621588,5,0.7272727272727273
924,47,1,23.40770354949063,84,13,11,2,2,9,1,1.4279723383886358,9,47.61142808960584,56.45146923149411,0.35005533150119456,18,0.4988064717309816
1434,21,1,19.95070616788939,83,16,10,6,2,4,1,1.6478423044321877,8,46.67607844295306,62.21336605356342,0.4216254808156358,15,0.5864319988643112
323,6,1,19.56317592569772,31,28,17,11,3,2,2,1.8655389543248952,11,81.16507742467803,71.02110620497713,0.33831433524104376,38,0.6071428571428571
1801,14,1,20.84934969238791,91,36,33,3,4,1,3,1.5232576870828523,3,74.98427995530804,70.63259399606721,0.014211967211609,40,0.9166666666666666
1002,42,1,25.17037785316784,29,16,14,2,1,1,0,1.0704564277856456,6,76.10180577781358,71.01372771927004,0.22380375098918426,8,0.875
1876,44,1,19.177499330394408,34,29,19,10,2,2,1,1.3537207276472938,11,64.55191105693413,51.05291632401151,0.28864861401198666,42,0.6551724137931034
305,32,0,24.750048994479478,99,10,7,3,3,0,2,2.212533542585808,6,76.06486194602682,63.55842055151005,0.1119910748624573,27,0.7
995,7,0,18.032977884486428,117,8,7,1,3,0,1,1.7299107156542046,8,80.11398996174373,72.00139032084691,0.34539676702528715,15,0.875
1392,6,1,22.183725662244605,39,9,7,2,3,0,1,1.8804349134815288,4,78.27600584271129,72.04611170486662,0.09611382534319396,19,0.7777777777777778
991,24,0,23.438591018296034,111,37,30,7,1,2,0,1.595431517130785,9,80.70200903912091,68.20227769630233,0.33594971309269567,20,0.8108108108108109
892,29,0,32.78052058023567,110,26,18,8,4,3,2,1.4362009215306921,5,89.12607900636232,85.09938751326106,0.031417985532982896,9,0.6923076923076923
333,2,1,17.49073737791853,94,33,23,10,0,4,0,2.3710277799501647,8,84.36966541914342,74.80154382691333,0.06397103674737252,39,0.696969696969697
762,34,0,28.888058265960534,25,8,4,4,2,1,1,1.6247232571795678,10,75.71294613497437,58.62231017140105,0.15239383356076328,2,0.5
478,27,1,23.59936965594912,42,8,7,1,3,0,2,1.5226520481891492,8,63.28241648116722,54.460993752161386,0.3416222051192717,4,0.875
603,1,1,24.644687672063853,84,35,21,14,0,3,0,2.138456946542136,7,68.9999472528888,64.10238516993522,0.05783414605071298,13,0.6
1367,5,0,23.473391653552817,119,11,6,5,2,6,1,1.4110558564530458,4,41.70787908800736,63.16221367013969,0.5524104009457383,8,0.35627733564614367
1260,23,1,24.77890727278093,99,12,10,2,2,1,1,1.4621090624904012,6,77.52345831341448,71.40349318947587,0.0918926106451175,4,0.8333333333333334
1214,36,1,22.385259582551928,56,24,23,1,3,0,1,1.7040986736067592,10,70.21667238500605,67.79313576001971,0.1810033594378115,18,0.9583333333333334
724,41,1,28.816200725829834,35,27,23,4,0,2,0,1.7001080416352718,4,65.64266800815648,54.83852390066805,0.1410937617041351,18,0.8518518518518519
1919,22,0,21.17411542310111,115,15,11,4,1,8,0,1.8038445391612856,8,54.990130032449564,50.646675506597745,0.5596565258932847,7,0.48564297869188044
176,15,1,27.52893828871699,40,22,17,5,1,2,0,2.536667635758195,7,58.48822240944469,51.73184909773498,0.3777238958076561,36,0.7727272727272727
685,48,1,20.42253151914791,47,29,22,7,3,3,1,1.834499298540948,5,72.6504929622543,66.1594356586394,0.1752713163008854,39,0.7586206896551724
236,23,1,22.758992614394852,116,22,15,7,1,9,0,0.7487784148996798,9,47.523995773706105,56.14960714378427,0.6892525330181303,32,0.5486636675628854
678,16,0,18.712149790839124,71,20,15,5,2,1,1,1.8305195773726244,6,64.99474315842608,57.59448556029634,0.23010707066561245,24,0.75
1923,22,0,24.82009488139008,39,10,7,3,3,0,2,1.7151519977958394,5,71.06098127155697,65.31045480324973,0.20068636674088297,42,0.7
733,1,1,28.780503827706134,10,22,18,4,3,0,2,1.717380009740583,7,61.640826906085664,57.68495765289869,0.2466310494227396,17,0.8181818181818182
1817,15,0,22.690575280716583,57,33,31,2,0,0,0,1.7983789237584682,9,78.79752188498696,63.228846563388544,0.3593369224809716,20,0.9393939393939394
990,26,0,22.21245720518436,118,28,27,1,4,4,3,1.6885286849300802,10,56.50117891225443,72.53625936905884,0.3410869452648163,2,0.4527073404764541
1399,46,0,18.541532147728294,57,36,22,14,0,6,0,1.6789551627778443,8,69.50572980224601,59.2161493701286,0.21299203178208848,32,0.6111111111111112
915,37,0,22.082829385790767,86,12,8,4,0,2,0,1.9452176839083144,8,70.62972692389998,59.09612864817027,0.25807438426639057,5,0.6666666666666666
532,39,0,16.62882296111389,37,8,5,3,0,1,0,1.4831676811221994,10,80.37429770139077,69.29015283435155,0.24255771220360864,30,0.625
1528,27,0,19.34848805312469,95,25,18,7,1,1,0,1.3209254657443297,5,67.8600490276532,61.51248883884006,0.17324848299452525,35,0.72
1938,6,1,23.907144184436543,95,13,9,4,4,1,2,2.909512581048957,5,67.17266088402705,58.08245039214118,0.24990560405218015,11,0.6923076923076923
527,20,0,28.276052790965586,76,27,17,10,1,3,0,1.4136570224875067,7,86.96498478186291,80.04110671890555,0.17742792006566543,28,0.6296296296296297
1557,49,0,34.23684344491801,94,36,32,4,3,0,1,1.7400571649840306,8,83.84187738712787,74.08802288802123,0.303045751148765,15,0.8888888888888888
523,3,0,20.653659659716396,73,18,14,4,2,1,1,1.101735899649853,8,81.01550002343919,71.64873647960653,0.38756499340891426,19,0.7777777777777778
1434,44,1,28.741200626581758,51,25,23,2,0,0,0,1.7465873660205686,4,84.25644621394093,77.78708725739774,0.38394614299889174,24,0.92
1578,34,0,23.975009921606592,91,29,17,12,2,3,1,1.326709779724266,10,55.22721274632637,52.54440763801357,0.3282943145699922,12,0.5862068965517241
899,14,1,22.395009413014495,101,12,7,5,0,2,0,1.5230108228599955,6,88.53835546793107,79.95340724006904,0.24070355882379407,36,0.5833333333333334
1474,39,1,24.73037780690461,102,36,27,9,2,4,1,2.1180258663084492,10,78.92062116583742,71.73769911706661,0.2997327952282962,18,0.75
545,42,1,23.247665934719837,33,14,8,6,2,2,1,1.8888038273512295,9,85.10781384005735,84.66930283089238,0.07121931810302176,21,0.5714285714285714
159,3,1,23.441582902448875,84,33,23,10,2,2,1,1.9273638098299277,11,78.87161779116363,68.84097071560876,0.19160738292556903,37,0.696969696969697
193,6,0,21.366667348693323,10,29,28,1,1,0,0,0.9915180646432548,8,75.48924824680157,63.62787979783046,0.10292190599654574,11,0.9655172413793104
894,33,1,17.407561360804596,72,12,8,4,3,1,1,2.434758067931605,7,72.24690787637945,54.13348197554365,0.001397992443738838,21,0.6666666666666666
1805,49,0,16.825499189911675,72,31,20,11,2,3,1,1.2232474756232499,4,46.43960119036454,72.2362337821447,0.4267866183356413,44,0.40865210274880215
256,2,1,25.612979533124907,49,14,11,3,1,5,0,2.311424325717546,6,47.80644089414916,66.03736849715075,0.6841048740725771,19,0.5954275590095631
912,33,1,21.893199639657148,119,27,21,6,2,9,1,2.1086175463925945,10,43.497740762546314,80.11644512240808,0.5605039341994984,6,0.34229620211899814
1408,7,1,20.615644401375334,107,38,31,7,0,2,0,1.930933096713872,6,59.135433554478,50.30086592852997,0.10166091524760273,14,0.8157894736842105
405,32,1,23.034022506892615,14,38,28,10,4,2,3,1.3580060876366473,3,69.58424138205723,60.77496865982381,0.2771900840796947,43,0.7368421052631579
1443,31,0,26.17972901166251,32,35,31,4,3,1,2,1.7606359379278091,5,95.44823248476646,90.69341782391346,0.17392043381997102,34,0.8857142857142857
612,5,1,23.721455772105593,32,23,15,8,1,6,0,1.511631435742056,8,47.94362767571612,61.43891489229143,0.5165253361699086,36,0.42327885825859696
1617,34,1,20.37578025343613,108,25,19,6,3,1,1,1.7116158286021166,8,72.61316276936522,72.52782543692264,0.3998072440723798,12,0.76
1158,44,1,27.905171822595797,67,17,14,3,3,0,2,1.600051096365776,11,66.17419066649924,54.46868367516626,0.13963304299594803,38,0.8235294117647058
1094,43,0,29.31674201192653,90,37,34,3,3,1,2,0.8845557973710366,11,78.35845672885824,73.44117376754691,0.09776121739121911,18,0.918918918918919
354,2,1,24.978226621291412,99,23,17,6,0,1,0,2.148713660393835,7,67.63735109857805,59.775976504229966,0.1069529955179033,36,0.7391304347826086
926,13,0,26.89465404537636,94,32,26,6,4,2,3,1.6675571373802556,7,73.1438906519295,70.8506643371206,0.03733849827226878,39,0.8125
1713,12,0,27.967839987255246,19,19,11,8,4,3,2,1.5060798401991051,10,53.697850449056375,77.818079758197,0.4928407231306061,10,0.562012125768198
40,23,0,27.520397265618055,25,31,20,11,4,6,3,1.475869106868093,3,68.01236581185184,61.130730425921946,0.006970021086763723,42,0.6451612903225806
1517,8,1,25.456396708450495,53,15,9,6,4,2,3,1.8433838305467072,8,82.88611119265221,74.93127458049553,0.04575822296051024,29,0.6
986,42,0,25.393388188299532,47,31,27,4,4,2,3,1.342497464682211,7,83.22229315560357,73.30336309351352,0.10867829890906813,33,0.8709677419354839
1439,39,0,25.07864229338601,92,9,6,3,3,0,2,0.7979297766103826,10,85.54956094719293,71.79326061324805,0.06394511036379229,34,0.6666666666666666
1326,40,0,18.610649301811826,27,11,9,2,0,0,0,1.8628519212833103,10,76.40540994918041,65.47456617810299,0.2928636398002901,9,0.8181818181818182
864,10,1,25.802892627438343,50,19,11,8,2,3,1,1.9076411991827287,8,100.0,88.15134182741502,0.042241916347160124,34,0.5789473684210527
618,1,0,17.576744115493785,36,23,21,2,1,0,0,1.6201472701289468,8,85.54533696542082,71.76092052564826,0.3463976420098099,11,0.9130434782608695
1254,45,1,19.82160217949978,30,30,27,3,1,1,0,1.2408388499239964,9,78.24877624406827,67.96994471797748,0.08844580148438115,13,0.9
281,15,1,28.214260271232348,29,19,12,7,4,3,2,1.7355742163557142,8,66.24075585918266,58.387584641658634,0.04343624678862708,7,0.631578947368421
1168,33,1,26.36088065077679,31,8,4,4,4,1,2,1.1141870526745645,5,74.02940874125859,61.99296111623837,0.004042657772503411,9,0.5
190,45,1,28.94959315874345,72,18,11,7,2,4,1,1.2891077613249362,5,89.26326976900035,76.97123262515372,0.28608200172885856,44,0.6111111111111112
1300,2,0,21.91330246525083,55,22,20,2,3,0,1,1.3997208253983355,9,92.09534615626268,81.50108280439854,0.1026466983754168,16,0.9090909090909091
1257,1,0,18.39100463489293,57,25,17,8,0,3,0,2.037575628356622,8,44.709326141837614,87.6018013925467,0.28397967106131544,18,0.5701442239517762
169,1,0,22.038251211718627,62,28,22,6,1,2,0,1.554955619825233,5,82.8519230672962,78.21776367967479,0.0446464186688623,22,0.7857142857142857
1515,8,1,23.4081251889623,91,15,11,4,4,0,3,1.5208534352894156,10,62.44339793704428,55.542814353166214,0.3941183692944997,32,0.7333333333333333
832,3,1,23.315954865360037,104,27,24,3,2,1,1,2.4818770061644986,11,79.8716181782567,68.7531340953131,0.050153895627982115,26,0.8888888888888888
1573,41,1,27.534721915026807,67,28,22,6,2,1,1,1.8409849988754856,8,62.58597621947003,54.67136189575226,0.1647703706567513,25,0.7857142857142857
84,30,0,21.55491829998622,80,32,25,7,2,2,1,1.8355978041899303,5,60.12528806619241,47.57781353239016,0.3406598009337864,37,0.78125
359,49,0,24.408137887211698,91,24,23,1,1,0,0,1.55211970191649,11,77.39158684577238,64.13064033079526,0.09795477939216274,23,0.9583333333333334
988,40,0,19.045491402261575,85,33,21,12,4,5,2,1.461451332945289,5,52.14729570027731,67.43531259798868,0.6520182139671595,35,0.5941146304679322
377,48,0,24.80126911217525,24,15,13,2,3,5,2,0.8254374239931397,6,41.49802431163407,71.2116087268869,0.5314773469367984,41,0.5654542776793144
660,12,0,23.012434200742547,118,30,18,12,3,5,1,2.087496212769423,10,79.97136240386094,76.11933802249581,0.10933586287680508,31,0.6
1321,15,1,20.00074664686193,28,9,7,2,1,0,0,1.8793238823025515,7,80.31585985742748,70.38531785960438,0.0011485244379251913,3,0.7777777777777778
289,42,0,22.05668255130059,55,11,10,1,3,3,2,1.6283336027146347,5,54.07240452417768,59.5835903138979,0.5072503335676153,13,0.31528710761622375
1355,12,1,22.263297013939113,81,35,29,6,4,2,3,1.6451093192654977,3,73.95023315315333,72.54649847859012,0.0050140838713899965,28,0.8285714285714286
207,3,0,21.919379482651614,54,23,19,4,3,1,1,1.994457704904422,6,59.92883214365512,53.07871667187847,0.36391691353174677,22,0.8260869565217391
351,33,0,30.085364969070735,36,27,18,9,2,2,1,1.0781159707680588,9,54.966308705998046,41.667360843489035,0.2567252896716884,14,0.6666666666666666
1175,40,1,22.606215990768483,111,27,20,7,1,3,0,1.4640474673784778,9,82.40642709843074,72.56345905795689,0.2332057064884969,16,0.7407407407407407
1587,48,1,22.02441555929065,17,30,22,8,2,4,1,1.2454788548429878,5,67.4687560620904,51.39751857566684,0.08063580434494524,5,0.7333333333333333
342,46,0,16.0,37,15,11,4,1,6,0,2.408603712994698,4,43.36075338150458,75.0160644403581,0.4927751544948291,12,0.5789299498882465
600,6,0,19.42317059208209,119,13,10,3,3,6,2,2.05026221274132,9,54.813438985832406,68.29226476442877,0.4263613932945003,35,0.42845015742203557
1850,38,0,21.947706302174588,90,9,6,3,0,4,0,0.8189229435458543,4,48.48781233946932,60.09674185169982,0.36459911111240173,2,0.49548575623697455
1979,42,1,20.25658929529343,19,35,25,10,0,4,0,1.0944953493440097,3,80.903110945553,72.81318976093804,0.35233861232422903,37,0.7142857142857143
1162,35,0,28.52683037351119,93,15,10,5,3,4,1,1.6470617306570055,7,60.16762986712851,65.50599306554956,0.5898948934005179,16,0.4182827607501357
894,41,1,22.340248898415126,116,26,19,7,1,3,0,1.51102391517103,8,56.54121125373176,44.09896029256069,0.3169867524154441,36,0.7307692307692307
694,42,0,28.15377699727301,20,22,14,8,2,4,1,1.1702471167692448,5,76.23309404442459,70.2415945601865,0.10516562885153768,13,0.6363636363636364
1225,22,1,23.246818536201474,55,13,12,1,2,0,1,2.477904895060196,4,70.29126120284239,64.8794517604773,0.04881911990138166,37,0.9230769230769231
1182,2,0,23.148911345686308,61,21,17,4,2,1,1,1.8250159655930316,5,70.59910989412869,57.4741876390784,0.2809798292747138,26,0.8095238095238095
590,23,1,22.644814209149995,24,10,6,4,3,7,1,1.8899265291452365,6,38.76745818996633,82.12054050327143,0.47930538299274794,38,0.5441004229840646
46,10,1,23.015185006485837,32,13,11,2,1,0,0,1.4231940203071143,3,59.74143017267328,47.21322470383057,0.15441341344771656,4,0.8461538461538461
303,6,0,29.875180012199436,29,12,11,1,3,0,2,1.988909658871201,3,78.82871135371471,72.27747588993464,0.009476910126524497,36,0.9166666666666666
1917,7,0,16.0,30,34,23,11,1,2,0,1.5478268956071952,6,65.05192762855249,57.255831089773494,0.32730160986154583,13,0.6764705882352942
836,35,1,16.0,54,26,17,9,1,2,0,1.5866627305170002,3,84.08261409267324,76.32203168345664,0.08243756253217627,17,0.6538461538461539
965,25,0,20.827316675775545,61,37,22,15,2,3,1,1.9444007839301038,5,77.98431236175065,66.85423963906106,0.13561277675899527,3,0.5945945945945946
934,27,0,23.058111527750274,36,21,12,9,4,2,3,1.04840097397588,8,78.79344349180613,64.57918481782922,0.2512924031108521,43,0.5714285714285714
1565,37,0,25.76041769905605,41,14,12,2,1,0,0,2.338811143940393,3,65.5511038239774,56.07851760318377,0.03998188768452109,29,0.8571428571428571
130,27,0,24.8923487921099,31,27,26,1,2,0,1,1.7729556858895503,8,67.34412086711677,51.44455652568734,0.02879830645538526,44,0.9629629629629629
166,31,0,21.46301634847772,97,37,22,15,0,9,0,2.2123776835121696,8,36.19058581350505,72.68372740132662,0.26527278953014916,26,0.4727757828968298
552,5,0,27.07617477296705,33,25,22,3,0,9,0,1.2698320973524726,8,43.070262032195465,85.6471747937333,0.42959252489747346,8,0.5536633927662012
973,42,0,27.120781612610923,109,8,5,3,3,6,1,1.3307339503887228,8,36.9231124157255,68.48823254772597,0.6678716372002746,16,0.35813144145623016
1342,22,0,23.736231325086262,69,17,14,3,3,1,1,1.235239911360075,10,66.02579279228567,51.20203167745058,0.26426352604685277,20,0.8235294117647058
981,8,0,26.850630289947365,98,37,32,5,1,2,0,1.8001190690659354,3,78.38938522462068,62.396229291255345,0.3956940996070969,8,0.8648648648648649
882,40,0,24.090581053728513,80,24,17,7,3,3,2,1.7263933207672983,4,99.2747204433761,86.52715506497978,0.2677803174247774,42,0.7083333333333334
1875,36,1,20.754067892868466,39,38,22,16,1,6,0,1.5142352723075279,5,76.02422810718912,67.92153029255712,0.210037918342472,43,0.5789473684210527
322,3,0,25.79126735600002,76,24,19,5,1,1,0,1.294372322845888,9,89.618408593936,82.48518161015969,0.20836797340689542,26,0.7916666666666666
1143,10,0,23.44245249031471,40,8,7,1,2,0,1,1.193361492107663,10,67.59670634161287,57.29242832736731,0.15076685938222067,27,0.875
1084,1,0,23.005359387017947,23,35,24,11,1,5,0,1.6806064398117375,11,74.57913948363613,59.88324150255194,0.23991186238203413,32,0.6857142857142857
947,14,1,28.891814288758297,38,32,21,11,4,4,2,1.51376528816456,8,81.19565206125543,71.46057557239763,0.38351655581828176,31,0.65625
1615,5,0,16.0,40,30,19,11,2,4,1,1.425757203056695,6,78.97328308262864,69.1551555951534,0.3152176134793241,4,0.6333333333333333
534,35,0,17.329263319361722,24,39,31,8,1,1,0,2.318835794452644,6,67.3361131988884,59.13052178162003,0.16969064681329502,24,0.7948717948717948
1907,26,0,18.25171829450252,12,14,11,3,2,1,1,1.6670697287229064,3,66.90482542869401,60.216389679218864,0.1329779316130133,35,0.7857142857142857
663,49,0,21.546957409724776,113,36,32,4,3,1,2,2.20801717357077,7,84.8828440310266,77.53138205760226,0.3534126118492486,36,0.8888888888888888
1090,37,0,21.98156732093588,66,15,13,2,1,3,0,1.4866991269269212,7,36.93812084457378,78.37380418551933,0.41825255269338824,27,0.3554949284264707
1041,30,0,16.97069740890781,54,39,36,3,4,1,3,1.7979105135194626,4,90.1214355812192,75.24903559625992,0.33983410278572074,40,0.9230769230769231
1699,25,1,19.059367870756695,112,14,12,2,2,0,1,1.677809593497466,9,93.03930483252867,85.99815994665188,0.10203070453693296,27,0.8571428571428571
878,3,1,19.55663328590572,34,25,17,8,3,1,2,1.020951076192751,10,76.34619436322596,68.13574605958044,0.2862516943103671,18,0.68
569,4,0,32.829696368303566,54,33,26,7,4,9,3,2.271335322505565,5,52.972406083679004,67.3495181993101,0.43595485356650815,21,0.4321130404754361
44,31,1,30.206967790988585,103,10,7,3,2,0,1,1.6459385571870335,11,88.50990938778469,77.64338512189207,0.19079860690538905,31,0.7
727,1,1,21.353002329261404,79,10,7,3,0,1,0,1.9985672878531842,3,82.13069281851587,68.66397610364274,0.07691359045690974,40,0.7
1652,3,0,21.545666838772803,53,35,33,2,3,0,2,1.3991885110153761,11,65.1754474133241,50.677456029497066,0.3379070973849502,11,0.9428571428571428
20,11,0,18.40318401124682,38,9,7,2,0,1,0,1.6340622473680941,9,64.66364334481088,55.85018524602803,0.1470033380213259,14,0.7777777777777778
1792,44,0,16.0,13,27,26,1,2,0,1,1.353259056030658,5,79.9193020135631,69.62188488044616,0.12827210419300772,30,0.9629629629629629
1086,23,1,22.532479254365903,19,38,28,10,4,9,3,2.1943993931053574,8,47.96656965269873,65.84145467384015,0.530782505374766,34,0.30142546348874416
281,35,0,19.008592067023898,27,27,21,6,2,2,1,1.8245637389802702,5,74.73570045259302,64.62362573381493,0.1740344964415671,19,0.7777777777777778
605,21,1,22.66059787335196,96,23,18,5,3,4,2,1.8468214106723553,10,44.16255218636593,76.46947303710509,0.610753661717147,29,0.5078558864688774
1108,9,0,16.59917660382609,80,21,13,8,2,1,1,2.2432736588419915,4,82.59037144985035,74.3573139008444,0.05487912334906615,2,0.6190476190476191
632,19,1,19.95210216675897,57,28,19,9,1,4,0,2.1625365187596093,5,88.29873248418431,79.7477177150758,0.1742758616191492,14,0.6785714285714286
218,5,1,23.594508381211323,96,26,20,6,1,5,0,2.006137014454514,5,44.90429922155654,45.87694980269174,0.5508075029671204,43,0.38881611834240326
1332,38,0,24.46483839113575,27,24,15,9,2,3,1,1.1313090611850147,4,43.222098685389284,70.71058891159427,0.6325246290053259,26,0.46718980386433495
1344,9,0,24.66988783496806,33,12,11,1,0,0,0,1.4217283521933264,5,81.94688522397206,74.91687239228419,0.18293533326133057,39,0.9166666666666666
238,19,1,17.71804406337185,53,29,18,11,2,2,1,1.2984447455954589,8,59.734141433123156,44.904693378436946,0.2642127865540841,11,0.6206896551724138
563,49,0,26.418742920542247,110,31,20,11,2,4,1,1.9910134774503196,8,68.45104358690028,49.60885651151475,0.35508443481679414,14,0.6451612903225806
488,30,0,19.7991532135926,77,30,26,4,4,8,2,1.7682607767000205,7,61.20295334255235,63.41261617084699,0.30128676416831424,43,0.3210010681382541
1319,23,1,25.531431658429227,103,10,6,4,0,2,0,1.143795026547762,4,75.21698171059916,72.25486652810339,0.3297937084957314,44,0.6
1460,27,0,22.95744529352723,37,30,28,2,4,0,2,1.6245023147955089,4,91.27853968694063,87.10715099817324,0.08907640758371459,39,0.9333333333333333
1454,39,0,17.494450003688208,103,31,27,4,2,2,1,1.1023550657124885,11,95.225894046649,87.63904770680323,0.14112377449114383,15,0.8709677419354839
1877,13,0,21.73520918167525,17,13,8,5,3,8,2,1.678737404772096,5,42.11595433885571,55.27400242511815,0.666066648993392,36,0.3511933078148082
1537,32,0,24.46145496825507,35,35,30,5,2,2,1,1.037850998405126,3,80.26557250493575,69.90056073674266,0.3543900452370745,21,0.8571428571428571
642,43,1,25.451861521898397,67,24,20,4,1,1,0,1.9115309973538452,7,80.58797852142315,71.89985397430128,0.22318119307548182,38,0.8333333333333334
216,29,1,22.436048410222327,15,23,20,3,4,0,3,1.8511850504136294,3,78.87625771514747,68.76051552731587,0.1901953351179381,38,0.8695652173913043
1229,22,0,29.12711556240421,104,31,28,3,1,1,0,2.4631793973387524,6,78.98979634739234,73.75814097390582,0.18042695658178343,20,0.9032258064516129
1832,8,0,27.030043083946236,105,24,20,4,0,1,0,2.039149315798937,10,78.03742502451328,71.01391611152376,0.023515864626806417,15,0.8333333333333334
1950,13,1,21.973383534400988,69,25,20,5,3,1,2,1.5308342976709988,5,91.8757012080642,83.9560794015674,0.3569508415826268,43,0.8
461,47,0,26.000487248547778,43,17,12,5,3,1,1,2.0272280373097944,9,86.02466514368058,84.36153049916798,0.32725980336613425,21,0.7058823529411765
473,27,0,30.735173940752748,20,37,32,5,4,1,2,1.1409344476219285,7,64.39846102401732,61.04370184290771,0.18250045789114686,20,0.8648648648648649
75,15,0,30.841938403132108,78,39,37,2,2,0,1,1.3150109585275658,6,82.9572108088055,79.44347505391613,0.11177598908778937,30,0.9487179487179487
283,21,0,18.08800047671001,69,12,9,3,0,1,0,1.833257012830044,8,83.92373374511452,72.86730085037942,0.13716824257061222,42,0.75
1110,29,1,19.2938675553714,93,31,26,5,0,2,0,0.836700134900829,8,78.1496728715179,69.16825307722823,0.04926423434915579,7,0.8387096774193549
1094,27,0,28.939675146935404,76,8,6,2,2,0,1,1.6851356860264468,5,86.3142437050273,75.86999890473152,0.2887158965222891,44,0.75
742,35,0,18.76687579664945,24,19,16,3,1,1,0,1.2918946831526317,5,76.88074034299038,76.23936030220024,0.2226679426219431,20,0.8421052631578947
620,13,1,17.709835466833283,23,39,38,1,4,0,2,1.7405228220613054,11,77.00467721076251,74.93894395496892,0.09364136912995798,3,0.9743589743589743
1659,32,0,21.055223477203814,95,13,8,5,0,2,0,1.2689054567810945,4,76.21240544677043,65.55954368574444,0.2492022288310759,15,0.6153846153846154
920,22,1,24.68090683789834,27,20,13,7,4,1,2,1.8696992549820755,11,54.81755914200331,57.932237708667515,0.3916920857019899,21,0.65
1616,47,0,22.590413173555614,113,15,12,3,1,0,0,1.7077309694669558,7,74.19601606094126,61.297498630542044,0.04895805419047168,31,0.8
1926,8,0,20.397745518377633,21,31,24,7,0,2,0,2.260146366752532,11,68.31749425545429,67.61076282954545,0.1833940042501311,26,0.7741935483870968
634,8,0,20.303150153101964,90,22,17,5,1,2,0,1.7026938136406489,6,63.135520218074426,51.76214065037451,0.1976635283688507,7,0.7727272727272727
406,23,1,20.150651742349165,117,26,16,10,0,5,0,1.3925428780154134,8,89.34018284739523,84.89452134642308,0.06671888552952097,22,0.6153846153846154
1905,25,1,19.48196148536423,58,38,28,10,2,3,1,1.6012456576690868,8,37.422928815333606,67.84646032465824,0.6567648695851236,12,0.4868577510065798
1270,34,0,32.12653150910425,16,24,19,5,1,2,0,1.1623054411933074,6,74.70168919055452,53.86904553488854,0.24239090341923603,13,0.7916666666666666
582,20,0,24.19004428474222,106,31,25,6,2,2,1,1.8624549018821759,4,69.35196648897573,70.44467700946024,0.06293781552739812,32,0.8064516129032258
1244,45,0,26.547036217618952,30,11,9,2,2,0,1,1.9359400985261088,7,77.9616958462874,67.18018725484481,0.06188955960355056,36,0.8181818181818182
1030,24,1,21.043690127524304,68,14,12,2,0,0,0,2.6876784146771273,8,84.91436093317513,84.14701178755008,0.34253948625350245,8,0.8571428571428571
1811,7,0,22.256173291255806,118,38,32,6,0,1,0,1.451265603758238,5,66.73034156453059,57.02326587566057,0.12455497466801796,27,0.8421052631578947
512,6,1,20.14578407451858,91,35,31,4,0,1,0,1.592882170529927,9,74.9517162772339,67.77880493144147,0.2521333548314524,20,0.8857142857142857
1982,48,1,16.0,15,29,24,5,0,1,0,1.4696965902247137,8,83.68066498851172,75.16153569866435,0.2507092302700857,16,0.8275862068965517
1872,7,1,17.487962892608536,100,20,16,4,0,1,0,1.7848454804524896,4,55.6399887091587,51.286733814471646,0.335668350233054,32,0.8
362,47,0,16.0,27,14,11,3,1,1,0,1.8526762137918453,11,74.42430237594596,63.302137937959955,0.29595785249260936,12,0.7857142857142857
330,14,0,16.0,92,35,22,13,2,5,1,1.6786500622285956,3,70.70708629452461,68.50051764640614,0.33623057337531115,34,0.6285714285714286
1066,5,0,18.21856410280759,78,33,23,10,1,4,0,2.134530366749213,8,73.66170142244967,60.69515237085471,0.2500859158602663,19,0.696969696969697
90,15,1,28.299822717526524,41,15,12,3,1,1,0,1.453208198498089,6,69.98371443628098,63.62071566272171,0.1797828642055976,6,0.8
598,31,1,22.822255329182582,56,26,24,2,2,0,1,2.0944696191562846,8,76.37624605207296,73.98700876168532,0.15742660852522988,36,0.9230769230769231
870,21,1,28.162255049284695,22,27,23,4,2,1,1,1.915399141456433,9,94.23627220422718,79.85652491086438,0.15161190666457436,38,0.8518518518518519
1938,39,0,24.6439303076035,118,23,14,9,1,7,0,1.6951880320404213,9,54.368404939890624,64.0301458719511,0.4836168639635145,26,0.39169878813331294
1984,30,0,26.130235302860637,36,37,30,7,1,5,0,1.5740253436971419,8,46.27395501321743,62.28656620917296,0.5311340070042405,33,0.3644165827756901
303,20,1,19.3964120187817,43,11,7,4,2,1,1,2.6706671034925478,10,94.94746418409113,82.06203966683776,0.16958334840126682,8,0.6363636363636364
1783,32,1,25.095803816770683,65,16,14,2,0,6,0,1.3731965397031682,9,64.31018951054308,64.6924270354202,0.34576587259063074,16,0.3686539502423304
182,48,1,25.914856936297383,83,11,10,1,2,0,1,1.8191732707873658,10,93.1467534892897,85.4867126930367,0.01382866532729259,17,0.9090909090909091
1497,21,1,20.69341083106523,65,30,24,6,4,2,2,1.399912371903147,6,75.05323006627107,66.56907830761678,0.11005230213053602,34,0.8
1691,8,0,25.238161482464665,65,28,23,5,1,4,0,2.4142482994485226,4,43.79035488964692,78.7137494587035,0.451576347091625,17,0.3644458094176486
1781,21,0,25.26475103429933,74,39,28,11,0,4,0,2.0547305315196813,5,82.5020112494632,72.75194039599474,0.23117822856385015,33,0.717948717948718
447,42,0,20.80178951547967,104,25,19,6,3,3,2,1.4286600484635423,8,78.07108362582422,69.36591314143838,0.3224669987024121,15,0.76
1786,11,1,18.50892627091602,53,12,11,1,0,0,0,1.9050379973724914,7,74.34369318113413,67.14321152952736,0.21707521775230598,27,0.9166666666666666
232,47,1,18.263486672406913,101,22,19,3,0,1,0,1.803078288510622,3,68.75958560120789,60.96181374462645,0.341633506190107,11,0.8636363636363636
1038,29,0,23.34602216768585,96,10,7,3,0,0,0,1.4933500952101044,4,75.75791549964353,62.53954715693023,0.3184268398406867,26,0.7
939,30,1,24.30803947515726,115,29,21,8,4,8,2,2.003265686891269,11,54.76787343805434,75.95879318701034,0.34121651241391554,5,0.4868552848291644
632,16,1,19.829896678168343,110,29,17,12,4,5,2,1.855722156441764,9,56.65757864479444,68.44887477522599,0.2598895055234588,33,0.35030736434083715
45,46,1,23.106341365304395,97,35,22,13,2,2,1,1.7862794855543809,9,71.83377194938143,66.09180061183618,0.005898978760531515,3,0.6285714285714286
1544,2,1,25.282148144553943,37,18,12,6,3,3,1,1.6832321155030685,4,72.49217465822227,66.70723527356691,0.23873521517184743,44,0.6666666666666666
671,15,0,25.472762858661202,95,17,12,5,3,1,2,1.8724217970398604,3,84.92476613583054,82.5331501200016,0.3170046037267049,38,0.7058823529411765
1323,21,0,29.207520480489954,91,10,9,1,3,0,2,1.7917550645969837,5,87.25161455099855,82.25311578430447,0.13275765594036137,26,0.9
821,24,1,28.107923328792175,41,21,16,5,2,8,1,1.7236373332100068,10,43.82931334238397,54.334813759715,0.6914063806571735,41,0.4088119077539671
747,24,1,18.994834268973825,84,23,15,8,4,4,2,1.4435936336049746,7,68.3141214255251,61.14051846779509,0.14484901233897932,36,0.6521739130434783
1772,8,0,29.73434483815209,37,32,20,12,3,6,2,2.377506496304997,10,78.79358919667112,67.97594252244673,0.02424599000300076,8,0.625
189,12,0,20.876093981777142,67,32,23,9,0,3,0,1.279832022660581,7,90.27532064757254,92.19034671917588,0.003384607635732362,34,0.71875
1473,5,1,27.17949124981771,97,12,10,2,1,0,0,1.871054487551898,7,86.4599030831256,76.18665784726208,0.037944812044475335,18,0.8333333333333334
1493,29,1,23.271946504204355,30,17,12,5,4,2,2,1.5719037030794267,8,62.481477878200884,55.12688869567734,0.03936383764801872,38,0.7058823529411765
760,18,0,21.35140248617213,47,24,21,3,2,4,1,2.40381890777972,11,42.056633856727714,66.28500039164342,0.3666159320695923,39,0.5063660596780357
525,28,1,16.0,97,18,16,2,1,1,0,1.3386069851104636,6,65.69396445310488,56.970124623420354,0.21034609238500532,43,0.8888888888888888
11,29,0,22.313741959134607,59,8,5,3,4,1,3,1.405894695295867,8,72.32487478084742,66.30817579609554,0.18218532006925683,21,0.625
1873,35,0,16.762467058777563,115,35,29,6,3,1,2,1.3120727746952698,11,91.04409996035355,91.53959963990697,0.27676859024096706,10,0.8285714285714286
1895,27,1,26.86919694337109,10,31,29,2,2,0,1,1.8293860203802441,6,60.773993512169824,49.085001747482075,0.006730454804979358,7,0.9354838709677419
482,32,0,29.067170628556994,89,24,18,6,2,2,1,1.1507797361725434,10,58.8113470671981,49.83927682180533,0.10839339256629238,9,0.75
64,29,1,19.81235604281324,99,18,11,7,0,4,0,1.5085886020968935,7,66.71445846566398,59.97022828465539,0.31095709251505116,44,0.6111111111111112
246,32,0,24.207882970077083,110,34,32,2,1,7,0,0.839053670858286,10,53.93093224744724,73.73784751404968,0.5168987390040258,27,0.45410131720429514
136,31,1,20.098433911968097,27,9,8,1,2,0,1,1.796168541651236,7,81.20754820640757,79.08697827083611,0.17533463849503264,17,0.8888888888888888
1662,16,0,20.486061079452842,118,22,17,5,4,2,2,1.4999140564974949,8,79.37448434861533,70.4789135203431,0.03259359205538655,21,0.7727272727272727
1783,13,1,26.097978815461484,53,33,26,7,1,1,0,1.1047773024272587,5,86.75685403231016,72.30309019140873,0.31949149569139523,9,0.7878787878787878
307,39,0,22.84584695262635,48,38,25,13,0,3,0,2.1342437611896234,8,57.369144057660705,48.55647815069655,0.35406817330909346,26,0.6578947368421053
1493,17,1,29.958592167724046,49,16,14,2,2,5,1,1.1769332406460242,5,52.599135343311445,84.41441180796068,0.38511267259203835,20,0.4791842612326451
359,27,0,21.071070085188317,80,28,22,6,4,2,2,2.018777476011286,8,71.87904679953708,62.97857989138347,0.09734210156811081,36,0.7857142857142857
735,10,0,26.997345329897957,82,14,8,6,2,1,1,1.419583670404878,10,82.31494309804867,74.52831494703558,0.017588667289178118,2,0.5714285714285714
1199,22,0,23.38965365183113,62,11,9,2,1,1,0,2.3406285511581704,6,61.765745732367954,50.309571228071036,0.2364331287579424,42,0.8181818181818182
1440,26,1,26.183112038976933,17,19,18,1,3,0,2,1.9998202155704585,6,75.04956697009071,64.6226342604438,0.36394779622499973,4,0.9473684210526315
1749,31,0,21.211369370680213,118,36,32,4,3,2,1,1.2967808516503887,5,77.36270770589013,81.30599784232983,0.27115521020813027,19,0.8888888888888888
90,26,1,22.801764649793668,34,30,21,9,1,9,0,1.3331669791158773,9,36.715119194312585,76.37654155727034,0.4167797290946957,16,0.3752720938391245
393,18,1,22.53800448280426,20,23,14,9,4,4,2,1.942210082089724,8,59.14745377392235,55.16137141193869,0.25715532971598676,32,0.6086956521739131
561,48,1,19.65577154061685,75,17,16,1,2,0,1,1.5950487477159332,7,75.30752548534905,72.99444045114384,0.33282736297921023,30,0.9411764705882353
621,26,1,25.64832613832701,55,12,11,1,0,0,0,1.6322629971914537,3,64.14764708857857,56.901540730072824,0.19033202373978317,10,0.9166666666666666
1996,40,0,25.600996022313456,77,16,12,4,2,1,1,2.208895544708839,3,80.05496044208274,70.4110760059627,0.3278993959991354,23,0.75
1555,37,1,25.374218779622268,106,12,10,2,4,0,3,1.4005244506520174,3,82.77216536456126,81.33510380570856,0.15676387066654165,24,0.8333333333333334
641,28,1,29.14786261567058,20,13,10,3,1,1,0,1.7365175088701816,10,87.87170242508088,77.05339675685067,0.13940227143830827,21,0.7692307692307693
1943,44,0,28.797379204945216,41,30,22,8,2,6,1,2.081851117460922,10,38.972514909562236,58.59635006678985,0.4289927013620236,2,0.5798144619495617
999,7,0,21.50022124060346,66,12,7,5,3,2,2,2.02364699535424,3,84.2722648568879,76.08436007168991,0.1858745670777925,9,0.5833333333333334
1001,46,1,24.492209273736712,96,9,5,4,3,0,1,1.6361549329917309,3,88.60901587477053,84.07951039567872,0.3908447681844333,23,0.5555555555555556
867,42,0,20.50559724296715,76,25,17,8,4,2,3,1.5844376476589366,10,58.56753030144533,54.4850423182025,0.2065557694112699,13,0.68
288,25,1,23.09342126445822,52,17,15,2,0,0,0,1.0044738149916272,7,81.12344920098451,69.0197206746636,0.15406881156640861,25,0.8823529411764706
1868,36,0,20.60100220352454,77,22,14,8,2,3,1,1.2775020029339217,5,84.58511253780107,82.63000328378469,0.1579734172514145,9,0.6363636363636364
28,26,0,29.480281236544204,117,12,8,4,2,2,1,1.8273436906298934,8,72.41273613612563,60.15485429284892,0.21917598024524665,33,0.6666666666666666
349,14,1,24.45479260137185,62,14,11,3,0,0,0,1.6448471244231055,5,62.892264224748914,55.55306086127066,0.14196481520327817,10,0.7857142857142857
460,40,0,22.127883487582313,107,22,14,8,3,4,2,1.7299708314264906,4,84.42955756109663,76.81289555966806,0.28916264078597437,29,0.6363636363636364
559,13,1,27.77447428742551,95,30,19,11,0,5,0,2.115701443853624,6,63.00491172442243,61.83726254607573,0.15226517108065638,37,0.6333333333333333
264,16,1,16.0,43,21,17,4,2,1,1,1.2250707563750902,11,73.21648565489097,65.80335217540532,0.15365775461009723,17,0.8095238095238095
36,26,0,16.0,37,25,18,7,1,3,0,1.60552787910694,9,74.5987594219667,64.1444173579212,0.24678929975072186,7,0.72
1355,42,0,26.183354620879097,94,24,20,4,0,1,0,1.775484385364487,4,82.15538051703999,79.50102086844791,0.024338749078403988,2,0.8333333333333334
1938,19,1,23.241873792469473,32,16,15,1,4,8,3,1.4183360249701935,8,27.708559960415958,58.7391409358673,0.40077102909614093,17,0.42416377449490067
244,25,1,24.00178520104304,47,16,10,6,1,2,0,2.2725908455709667,10,68.15416311172145,59.79811409700535,0.20198888686347485,6,0.625
593,3,0,17.694415586725803,35,21,19,2,1,0,0,2.063434720645259,11,75.98915478763111,70.56417724296034,0.18121044571465666,39,0.9047619047619048
1013,6,1,22.907065156598534,76,9,8,1,4,0,3,1.8160533308355022,9,85.06390477619749,73.64521243023228,0.2877011962831805,43,0.8888888888888888
1855,3,0,31.01403764160537,42,29,26,3,4,1,2,2.4176927117314344,4,97.87450000653146,98.68352708244569,0.3033023128019444,44,0.896551724137931
1388,4,0,26.29679847918345,82,27,22,5,0,2,0,1.100441888155943,5,59.92518800221225,50.53846500723742,0.33850434536498375,41,0.8148148148148148
1532,43,1,23.67882618057125,112,17,14,3,1,3,0,1.6969094875577273,4,52.763094831830415,63.67567954557261,0.536829891702971,27,0.3860891809837004
1162,42,0,21.24378435958025,101,19,16,3,3,1,2,1.8465347875736244,4,64.13464973765709,50.37487718125444,0.13081507690135244,15,0.8421052631578947
834,41,1,21.421708592522425,114,18,15,3,3,1,2,1.334177981282431,4,85.18811243206743,75.62888554991333,0.2857368405978078,21,0.8333333333333334
400,3,1,16.0,12,28,16,12,4,3,3,1.8202858167270912,5,65.61455452690767,58.82127763143105,0.23272194365617838,13,0.5714285714285714
1728,4,1,24.030561683684642,60,32,30,2,2,0,1,1.2573670024848487,7,68.25351781817676,62.796728044367285,0.25272061854072664,38,0.9375
1608,14,1,26.381932433927417,34,11,9,2,0,0,0,1.9762229273097012,6,69.10729140936004,62.31899458498261,0.22220916284233413,20,0.8181818181818182
51,28,0,16.697522691317538,110,21,18,3,4,0,2,2.1231339072515625,6,74.23801061280196,64.06278162113034,0.3090772092815418,18,0.8571428571428571
1431,17,0,20.354332430772736,88,8,5,3,0,0,0,1.8089333604513314,5,78.23197596858708,73.46095119042474,0.07601635539686127,31,0.625
169,24,1,18.37014147106631,45,22,13,9,0,7,0,0.9588808739740216,4,45.90538245491403,68.80731866388362,0.6824213217198727,18,0.5712978552175416
1478,9,1,19.138595220764945,71,15,11,4,3,1,2,1.3132825915335862,11,74.94232453817217,58.40968246615888,0.06324071557745192,17,0.7333333333333333
1652,36,0,23.2139265072876,76,18,14,4,3,3,2,1.9258840012852643,8,46.702796632197746,53.94862271610376,0.44288559250280485,11,0.4965868845793161
262,16,1,16.0,64,22,16,6,0,1,0,1.7084794574049462,5,82.27786150310189,79.6554407162351,0.26559752936642994,4,0.7272727272727273
868,4,0,25.457081753428255,62,18,13,5,0,1,0,0.6223989529230047,10,74.47041336336972,71.84939234863536,0.19722864332566817,3,0.7222222222222222
248,37,1,26.01542027973473,16,20,13,7,2,2,1,2.197132153547296,10,86.617347900147,75.51108569330069,0.15183661466887252,19,0.65
1134,45,0,21.99558964785235,59,32,25,7,1,3,0,1.7546626025015328,11,67.92261220520064,60.16159692104241,0.35398800056624247,44,0.78125
1855,1,1,16.0,48,33,24,9,3,3,1,1.372370134399982,4,58.97725272649005,47.46992914223384,0.3091302857989914,13,0.7272727272727273
162,22,0,19.01432549599044,100,8,7,1,2,0,1,2.0979822390266656,8,74.65973997316925,68.79427696980665,0.21051631400015,29,0.875
795,41,0,27.931607736410786,105,20,13,7,2,3,1,1.4289839948372403,11,87.95952688284265,76.63703269268333,0.38002126227019517,15,0.65
1946,35,1,16.0,92,35,25,10,2,3,1,1.424619152958314,10,76.6094213661605,69.24261805995941,0.16974611577399756,15,0.7142857142857143
602,42,0,21.609906351225924,13,24,17,7,1,3,0,1.8433410604056144,5,73.00330200827143,67.93331822956723,0.3152291710352424,9,0.7083333333333334
265,21,0,18.279996886130963,102,14,11,3,1,1,0,2.412415383696918,11,66.29652982342567,59.90052373863521,0.06717449592056716,26,0.7857142857142857
977,19,1,26.218281206339345,53,26,20,6,3,2,2,2.3494348711891546,6,92.57766466680823,89.36588208850118,0.1143169908442388,30,0.7692307692307693
1017,35,0,20.299544191426154,55,12,10,2,2,0,1,1.8438845995616426,7,64.7039740511522,48.746535816825755,0.13523423253358194,17,0.8333333333333334
1326,8,0,24.615816082942445,113,8,7,1,2,0,1,1.884954263540128,8,67.7460574237176,60.13158467795155,0.04232830108180932,24,0.875
628,12,0,25.261841676676372,105,28,19,9,2,5,1,2.01659957283393,9,80.70034196084023,70.12228560611145,0.20072192603042716,22,0.6785714285714286
1911,30,1,30.344903358920078,15,24,20,4,1,5,0,1.1972065298522603,4,34.46844721838517,50.5872696326153,0.6879970258244192,13,0.4841837589415351
1042,33,1,22.18823222529852,49,32,19,13,4,7,2,1.957659334860793,7,87.74590665381339,83.95361794173269,0.25367435577986347,31,0.59375
573,6,1,24.504177478490444,92,19,13,6,2,3,1,1.4063706127425886,10,81.24193114217356,74.1774531858453,0.07603694382920732,25,0.6842105263157895
1920,25,0,17.059778083490258,69,35,27,8,3,1,2,1.8273912267186323,7,83.9923107181111,71.58754058459431,0.049402502935710135,4,0.7714285714285715
1849,18,0,27.761654253174974,38,21,12,9,4,4,3,1.609012948957065,5,80.58117011949653,74.66409728508967,0.3876346910395698,23,0.5714285714285714
998,25,0,19.95796460771454,67,31,25,6,4,2,3,1.9004833308456857,3,73.3887648254363,68.87089271635396,0.2632961223244425,18,0.8064516129032258
50,47,1,20.75698334364902,105,11,9,2,3,1,2,1.747241386002584,7,64.36851289844577,55.7466559209692,0.37458036588339544,36,0.8181818181818182
1194,4,0,22.911008820603158,34,11,9,2,3,4,1,0.5,9,39.21518117528539,63.60315518487941,0.5505087568051523,15,0.5660203956498504
1110,49,0,16.748462618640602,92,33,26,7,2,2,1,1.7715566846820723,7,65.24763688247366,50.676244207060925,0.013360985225349698,43,0.7878787878787878
297,23,1,23.915080115715753,90,34,28,6,3,3,1,1.956861180919705,11,79.86155310076384,70.44655118727387,0.22974846817257757,28,0.8235294117647058
1268,38,1,26.869865091700042,107,38,28,10,1,5,0,1.8783713393353814,8,83.06779830548102,72.49182759135608,0.2233315547342834,7,0.7368421052631579
1681,21,1,24.171735293989165,42,18,11,7,3,3,1,1.658965621516568,7,44.17632869945947,78.89098536430079,0.523211287759454,19,0.3175620858814153
212,16,0,16.6444097432851,33,8,5,3,0,0,0,2.3568646767721626,3,78.71767640552864,75.32973793325915,0.34449681776073265,40,0.625
1446,38,1,22.50476282268136,70,39,33,6,4,1,3,1.8245492516486643,8,84.24575356595186,80.09908184783004,0.24798827224656989,12,0.8461538461538461
281,34,1,25.968115611917963,68,27,26,1,1,7,0,1.8750693200772424,4,42.62139519881743,68.36413778612118,0.35669673330951535,32,0.5513038536022741
1497,8,0,16.0,55,15,9,6,3,2,2,2.1177967576202272,9,70.21722861991805,67.54581164268463,0.19756844246300587,35,0.6
838,35,1,18.700935944729146,95,32,25,7,0,2,0,1.8450371998786395,4,79.73671890816802,68.5548794086864,0.2473609751633052,31,0.78125
14,37,1,26.50617441632608,97,36,31,5,0,2,0,1.3407928986343185,11,71.1352712728309,61.97507090617589,0.10298795729140969,5,0.8611111111111112
1932,20,0,24.080381736789146,37,17,15,2,4,0,2,0.724665034488151,5,77.69185788827657,69.37387363591077,0.3895031071074589,18,0.8823529411764706
332,46,1,24.647886328507017,97,32,25,7,4,2,2,1.5091516391927673,6,64.38807810664579,66.75894416825487,0.16028800301906607,16,0.78125
1192,32,1,30.437979230493248,35,33,27,6,1,2,0,2.0043782103524466,4,66.18372317523699,49.96181574076252,0.06493064853505164,16,0.8181818181818182
363,17,1,24.87421111402481,54,24,20,4,0,2,0,1.5587614674328776,4,81.35409301018291,76.93118102679713,0.022366167349850932,39,0.8333333333333334
1866,1,1,25.631552041732718,12,28,25,3,4,1,3,2.0204713489126918,11,83.86690075406096,67.65964973030513,0.25446877323414846,2,0.8928571428571429
1476,34,1,33.8429821088733,47,16,10,6,4,4,2,1.7594912703681092,5,48.94268860414105,62.94040423293846,0.27831431765472137,25,0.5033593092915303
1608,11,1,22.144781767638037,115,37,35,2,0,0,0,2.2152264281048737,7,81.7061431050642,76.95574773929035,0.35831779873851266,44,0.9459459459459459
864,38,0,19.80846894552602,58,39,23,16,3,6,2,1.5819133171517354,11,69.67264326964725,70.48404079968577,0.28084182699456545,39,0.5897435897435898
935,26,1,24.71118559298853,88,39,35,4,1,1,0,1.8870459306270753,8,75.1650517620031,65.71655185823231,0.39623917159714434,28,0.8974358974358975
1268,23,1,24.75596411755558,21,31,19,12,3,6,2,1.9023540258141436,3,89.16944415790647,85.5744714411514,0.2891313048168426,44,0.6129032258064516
1569,9,1,20.893138432215167,79,9,6,3,2,1,1,2.3006407490524774,6,83.07487234022949,79.36687295662291,0.1357004493605584,19,0.6666666666666666
1694,35,0,18.870411921780608,50,19,11,8,0,3,0,1.0173450774662887,6,82.95871988022193,80.44877674891953,0.24048725322406928,28,0.5789473684210527
36,9,0,32.239377688360314,91,22,16,6,1,2,0,1.516636690178737,5,94.08790358456966,82.97848333361821,0.03190665699422462,25,0.7272727272727273
1327,21,1,24.307373881552092,112,38,27,11,2,5,1,2.0394064421554017,5,67.96120658950203,57.11535198323184,0.08867299608901634,4,0.7105263157894737
219,41,1,20.0708584743917,68,25,16,9,3,4,2,2.3183585919114593,7,65.14125025007453,49.89311468575939,0.1670160943713969,3,0.64
576,46,1,26.663721209118393,21,25,19,6,0,1,0,1.7960286050568322,6,67.7787772977141,62.521603782006,0.08072739742521812,40,0.76
1659,49,0,22.56341939375466,62,12,9,3,4,1,2,1.5829183342314053,5,72.45498946593385,63.57971198174665,0.3814004059312683,9,0.75
501,47,0,21.988474214728676,23,33,29,4,3,1,1,2.002847347469778,6,51.45449385708106,48.61183464668887,0.3982390106978598,17,0.8787878787878788
1593,28,1,25.249091487657974,59,18,16,2,4,0,3,2.0474810700926733,6,72.9257176330319,66.26587372397317,0.1483743680486662,28,0.8888888888888888
926,10,0,17.83247092707324,16,10,8,2,4,1,3,1.556135328533077,5,69.55429268105088,63.62967393417559,0.2836915944308795,26,0.8
466,42,1,24.41050881566869,80,39,25,14,0,6,0,1.8321229248710185,7,82.837597673978,72.97979784399631,0.16310829226529622,24,0.6410256410256411
669,40,0,30.65181923092701,44,14,9,5,0,1,0,2.1722109049647877,11,78.5241937901004,66.45610656442763,0.05580368175448256,44,0.6428571428571429
1062,49,0,24.86471064878924,32,8,7,1,3,0,1,2.4561835973097805,7,68.99303372230663,57.02876695898063,0.13477073908084344,35,0.875
1530,32,1,21.495151584866143,11,10,6,4,0,6,0,1.9970419836941167,8,52.667745013054514,76.27085754249948,0.6333706466313229,42,0.4079978384340388
1212,7,0,20.971578878287033,107,22,16,6,0,8,0,1.7176555586662372,11,66.15690055428158,70.2387589797457,0.508291478774921,30,0.37690540275715667
1866,25,1,21.358640106619564,102,11,10,1,2,0,1,1.6783699295848367,8,67.3145421020859,59.49088265051708,0.08600867535908661,44,0.9090909090909091
1735,22,1,21.984149287808876,99,34,32,2,4,1,3,1.9229586228774491,5,70.06975744617581,63.36814502976387,0.04493804762329856,27,0.9411764705882353
1506,42,1,21.488773868966913,16,24,18,6,3,2,1,1.65373086300822,6,52.74636812902017,47.580414076295845,0.08697137174496516,25,0.75
1206,20,0,26.665245764298266,48,18,15,3,2,1,1,1.7758561996089552,7,64.09340025630715,58.33314343375336,0.36230281273193715,37,0.8333333333333334
580,17,0,16.067163587164067,116,8,6,2,0,0,0,1.27684949418765,7,67.57530439576422,52.60604901097929,0.03408867031061149,39,0.75
825,4,1,26.448000201648536,73,23,20,3,1,1,0,2.2188228785964634,4,75.74166176606022,66.51201870008413,0.12990265750209382,4,0.8695652173913043
238,41,0,21.481253899429756,24,12,7,5,3,2,2,1.2439261091405285,3,65.54617320640185,56.84772581639703,0.21137995780105415,41,0.5833333333333334
748,38,0,24.50779114278149,25,39,25,14,0,4,0,1.5271552958187948,6,47.839863759752596,62.9144675636567,0.4364862380911968,31,0.3314417699644673
1853,3,0,18.492048359196545,38,17,14,3,2,1,1,1.7390373043407255,11,62.746693184174006,44.96277873842189,0.2070428380075549,40,0.8235294117647058
852,22,1,28.314524267397744,116,23,15,8,0,4,0,2.4963947519554557,9,76.7111389853127,63.491097029927005,0.017368024093741587,32,0.6521739130434783
228,24,0,27.982539840687494,28,8,6,2,1,0,0,1.530926806059069,10,79.25714594584908,74.14139440504425,0.25942785334575114,41,0.75
1304,23,0,26.838362103000293,109,12,8,4,1,1,0,1.4335936744158415,4,79.02365348419822,72.11811370301672,0.2253915206224241,13,0.6666666666666666
1925,46,1,16.94098089682584,84,14,13,1,3,7,1,1.4796732330664824,6,56.923221304775566,67.98058949253624,0.6153852949398175,10,0.5823222510740069
1735,8,0,26.316484284264213,111,9,8,1,4,5,3,2.363558867044525,8,41.360217784161804,51.00578212185566,0.38976117215979345,10,0.34257363099886085
548,16,1,24.619420350542836,100,31,24,7,0,5,0,0.5750612025975914,6,34.60042948019715,63.605367331597236,0.6026277651840193,12,0.37783156071926527
908,9,1,16.57891501146973,46,38,33,5,3,2,2,1.2989047951405652,6,70.92693327681515,61.17166718336836,0.140056616917633,11,0.868421052631579
1062,12,1,22.902810464916737,101,39,27,12,3,6,2,2.792515483663821,6,70.96704687079375,57.158694342636494,0.09057407603991048,20,0.6923076923076923
496,45,1,24.45813795613305,28,16,12,4,4,2,2,1.9363528293966548,3,75.74981217989837,73.00432461591502,0.20002709072264505,10,0.75
538,47,0,25.224301095292603,42,33,22,11,4,4,3,1.257606020264312,10,89.25541372371019,85.76800067207846,0.01042098095100279,8,0.6666666666666666
474,3,0,23.709045467795423,33,24,22,2,0,0,0,1.6832328071300913,11,83.120962126846,77.05359634803523,0.1312963312397303,24,0.9166666666666666
1989,31,0,24.164925667389518,24,9,8,1,3,0,1,1.7269818264271446,3,65.12482220151306,58.87200444194438,0.27114891742581176,36,0.8888888888888888
1492,12,0,28.894445569012383,19,10,9,1,2,0,1,2.0384500983622424,6,81.78402875296634,65.79016525398261,0.043486815874543706,7,0.9
1681,10,1,27.904135639642718,30,25,23,2,0,0,0,2.4358008011290253,7,81.40302367665737,69.39618679659802,0.025156496927811436,23,0.92
1633,15,1,16.0,23,21,20,1,1,0,0,1.8554206725116862,10,66.93932527048435,55.162035862011294,0.2608714421165461,30,0.9523809523809523
1918,10,1,21.730245780649273,51,8,5,3,4,0,3,1.4840846787948156,11,83.48865922635439,76.54612200040799,0.1591098884569401,32,0.625
211,25,1,22.341395889824195,17,37,35,2,2,0,1,2.0148337768392817,6,73.39623364054736,66.54148726769462,0.3207300146197525,6,0.9459459459459459
1763,49,1,16.0,16,31,25,6,1,2,0,1.4206989212548555,9,60.90046509985555,58.70728675491715,0.37492452158852957,33,0.8064516129032258
134,29,0,23.37673223292925,118,24,18,6,1,2,0,1.2866650016043881,11,79.55202724637142,68.42506633418016,0.3828161814930308,3,0.75
951,36,0,27.995031089642026,19,39,31,8,4,1,3,0.9960364512174219,10,77.16961823614524,67.2053998169101,0.1702371415576717,12,0.7948717948717948
1189,25,1,18.65372856163764,18,39,28,11,1,2,0,1.0739486421998397,5,72.72322370814172,59.57923424942858,0.10573088971001293,15,0.717948717948718
716,1,0,24.345603754759487,13,39,27,12,0,6,0,1.3414219375502912,10,74.625469150167,67.46878800359167,0.24344549549699124,38,0.6923076923076923
293,5,1,19.33670609081425,24,16,11,5,2,1,1,1.2288840929196514,6,67.80914521111538,60.37626179591697,0.25127717037129454,10,0.6875
385,14,1,20.312351905281293,68,36,22,14,4,3,3,1.8252946109498869,3,81.10130503797109,72.42112292372855,0.2489379744303587,35,0.6111111111111112
1649,12,1,28.90957453668014,100,24,18,6,0,1,0,1.2202392696703859,9,74.56549365491074,62.99790335288236,0.12871144548755248,44,0.75
638,42,1,20.8297687195527,90,31,29,2,1,7,0,0.5,10,45.181586826319005,74.54535092787219,0.3975837259326086,43,0.507332153870841
621,42,1,24.8488499560425,73,35,29,6,2,1,1,1.2824352901642135,6,78.57141924428872,67.62719470933521,0.08400193553023959,15,0.8285714285714286
1846,42,1,16.0,19,13,10,3,0,1,0,1.5112561409114322,7,63.45414385573675,55.53612610442808,0.0617677712088935,6,0.7692307692307693
288,32,1,30.44927024557952,95,22,16,6,3,3,1,1.4578202048512137,6,66.05716978117948,62.291718852994265,0.04956013831332409,11,0.7272727272727273
1830,28,0,25.410609785225997,14,12,9,3,1,0,0,2.3078098717236735,4,52.900555403837906,53.238978414454174,0.3705133284286293,35,0.75
1842,32,0,22.270000629398954,79,16,10,6,0,2,0,1.4545829762843399,11,80.64742258490406,73.19331743241747,0.005539058389587171,10,0.625
1197,20,1,25.30218603999958,55,21,19,2,1,0,0,2.052369385279679,3,62.87789976253234,49.08704782943606,0.24074309569452867,29,0.9047619047619048
331,33,1,17.36072228420876,107,35,23,12,4,3,3,1.6924069601276552,8,76.32569709895652,61.62695843199094,0.37898951829605476,18,0.6571428571428571
312,39,1,27.73012296701063,43,35,30,5,4,2,2,1.6830781097309604,3,78.70988224939553,69.28837740671514,0.14402125099765115,34,0.8571428571428571
570,38,1,21.70406089801428,80,20,17,3,2,1,1,1.365847884460785,9,81.0235283889252,65.17550573355621,0.210839235668985,28,0.85
1155,31,1,22.18372193980626,58,18,14,4,2,2,1,1.676486939367693,11,62.959830861639404,55.13159519346638,0.27831346539006385,27,0.7777777777777778
308,3,1,21.033377540138062,67,24,22,2,4,0,2,1.393961549241033,8,74.34838381859309,62.53516961202197,0.12686787786329554,35,0.9166666666666666
911,36,1,20.67739438901766,113,37,26,11,0,3,0,1.7680097257018281,8,91.70280420787749,85.5077277635032,0.19106079508289966,43,0.7027027027027027
231,18,0,25.778682446513635,88,39,36,3,3,1,1,1.6055001469505248,10,92.14314679984317,86.20154215697976,0.32684114013310084,17,0.9230769230769231
1081,37,0,24.023627400416892,55,15,13,2,3,0,1,1.3221488267233599,11,84.87323094026951,79.58326740779205,0.2981422661121054,24,0.8666666666666667
43,27,0,25.60699256561216,59,13,11,2,3,1,2,2.096757735880238,10,78.3749313881884,78.61704717668565,0.3233797645971363,28,0.8461538461538461
1418,44,0,22.964821242057713,87,30,25,5,1,1,0,1.87073619200857,5,64.94893611154623,51.800567071758586,0.3949360654510624,37,0.8333333333333334
111,17,1,25.052799244308723,48,17,15,2,3,7,2,1.5207749063431006,8,35.218226257006066,76.7527460104626,0.6643965338818736,22,0.5130457313657978
390,46,0,21.324605024299846,28,14,13,1,3,7,1,1.758197218814124,10,48.11738533735283,68.62554283155237,0.3705850935055611,18,0.34823061138077815
350,42,0,31.918927365638194,61,8,6,2,4,0,3,1.6664709913992144,5,80.60528275272844,77.32516947917914,0.2411138268407932,38,0.75
1662,17,0,16.728278334278006,17,20,18,2,0,0,0,1.3529636250946904,9,68.67156545147883,61.48900319762396,0.26664190688847855,42,0.9
107,24,1,28.04374929425194,28,20,17,3,3,1,2,1.7281984916084654,3,73.2706688716007,58.216699629361734,0.2959495619331738,26,0.85
859,27,1,28.471629802883882,56,26,20,6,4,1,3,1.4515952980770501,10,76.64147360076424,60.26635819747337,0.2998925267785259,6,0.7692307692307693
1182,38,0,19.591364776137624,97,14,13,1,1,0,0,1.3220264657519603,8,77.46278091493858,76.1062484181469,0.3542980597179279,14,0.9285714285714286
1032,34,1,31.917094442223892,95,30,22,8,3,3,2,1.0508930678933899,9,79.93722714460247,73.3550191285076,0.13972867009442216,21,0.7333333333333333
1361,42,1,26.981961131781272,38,29,23,6,0,3,0,1.5565570585845476,10,69.208050154751,65.3454812351258,0.26139254244476423,32,0.7931034482758621
1606,19,1,26.884556027291644,56,22,14,8,3,3,2,1.9267882638334894,4,61.56715547889797,49.61380451405189,0.11211617263874235,30,0.6363636363636364
787,25,1,23.112088748103506,26,13,8,5,3,2,1,1.422136258648456,7,91.24785039899794,82.10147620982224,0.23782748204679005,37,0.6153846153846154
1656,22,1,22.131095367125294,93,24,22,2,0,0,0,2.708283476863188,10,99.89254169023357,94.43881899975291,0.3004700560687712,3,0.9166666666666666
636,45,0,22.162364691841567,37,29,21,8,0,3,0,2.054274261461093,4,79.47420711202379,71.18391478965971,0.31640043446465616,22,0.7241379310344828
1968,15,1,24.56212238527807,97,19,14,5,3,2,2,2.221732053064191,10,61.7600790526989,55.66975353832973,0.1680498011956491,32,0.7368421052631579
1009,29,0,28.604745100135585,102,16,11,5,1,1,0,2.0180972048295036,5,67.26804883157124,52.81106445407165,0.20348808928054393,44,0.6875
1472,6,0,23.72525687144568,85,24,18,6,2,3,1,2.4411459899754293,8,80.09117569050969,69.90333763044553,0.13353994046806913,8,0.75
1750,42,1,19.35422550745084,46,19,17,2,0,1,0,1.385199206610983,7,88.41115611681286,77.73186243314711,0.0676145386158522,39,0.8947368421052632
1585,19,1,26.29770824953992,114,20,18,2,4,1,2,0.6757050457365512,9,62.871093654581436,65.53876356671303,0.10420696207701288,2,0.9
1702,17,1,26.68460298557917,85,19,11,8,2,4,1,1.5215497566588467,10,41.75636700393068,66.02382650682623,0.311899352908557,10,0.5442393482296883
1073,29,0,25.618638113791143,81,17,13,4,4,2,3,1.923287430219015,6,76.95932064443969,60.62647680820355,0.1235878169637264,38,0.7647058823529411
87,25,0,25.98199562609993,104,30,23,7,0,2,0,1.7606067886991914,4,83.64578451285874,70.341268232712,0.3899037334182441,35,0.7666666666666667
986,42,0,21.91628747936877,106,22,18,4,1,2,0,1.8101890443871134,6,71.5639890559962,70.95234739967742,0.0965912340861527,43,0.8181818181818182
363,27,1,19.284043331477683,18,22,16,6,3,1,2,2.228364001067949,8,59.361853086780755,52.61555641751513,0.2892284349924179,27,0.7272727272727273
1778,26,1,19.52722627743688,106,28,21,7,3,7,2,1.8528230297849997,9,32.36582890596331,78.01805345820391,0.5641435187572352,28,0.45308618075290874
474,6,1,16.458147006168566,94,19,14,5,3,1,1,2.0195651710364086,9,86.24795965171238,71.4035534102609,0.2787480198099194,24,0.7368421052631579
456,2,1,23.9477944461838,32,11,9,2,4,0,3,1.3241749032588963,6,74.1740853825484,65.19697225344477,0.2575831786436724,24,0.8181818181818182
499,20,0,22.666204867093626,43,35,27,8,4,2,3,1.2618425243135851,11,79.05240091306432,74.12358315199006,0.2826994334390357,24,0.7714285714285715
1285,49,0,21.240049181881165,92,9,7,2,0,1,0,2.345645569209795,3,70.2550877057293,62.11845593156614,0.3622188193741836,14,0.7777777777777778
1142,45,0,16.0,33,26,23,3,1,0,0,1.740360614058827,4,66.54227205274105,68.971734169015,0.22538779842499257,38,0.8846153846153846
1897,31,0,18.010730121223325,59,16,14,2,4,0,3,1.450708326621546,3,85.26425680547219,81.6041020192985,0.027139513161598086,17,0.875
833,31,0,27.48336260561267,85,14,10,4,2,0,1,1.4514422025811526,11,78.8749584781446,70.72918357483937,0.10833017377875982,28,0.7142857142857143
565,20,0,20.341495999747476,81,9,8,1,4,0,3,1.440350751344697,4,79.90368599401883,68.52098452020554,0.2832875921635056,30,0.8888888888888888
99,9,0,24.442366710627365,110,36,33,3,2,1,1,1.4164163915816632,8,90.02115147994613,89.78640796233549,0.19762985119026935,25,0.9166666666666666
15,1,1,17.437258280098973,22,21,13,8,0,4,0,1.186740878958536,10,61.888201166881416,57.97619788762398,0.32328126387914685,28,0.5545370034345327
747,17,0,28.754821929436925,42,18,14,4,2,1,1,1.0998318391117965,9,69.47973731840578,57.44099436433049,0.2386321821521166,4,0.7777777777777778
1851,16,0,22.423889359781295,118,31,21,10,4,4,3,1.6219982489382323,11,43.69950629515696,74.38514678584005,0.6772133726300436,15,0.32618561695426335
1047,10,0,24.16016158593414,72,9,7,2,3,1,2,1.4628296518718402,3,69.35686762238758,60.440136283250894,0.3095582100351421,21,0.7777777777777778
1787,13,0,32.30311916752674,37,26,17,9,0,3,0,2.142863714177318,6,82.8313653527245,74.5674673403005,0.28941395355861943,18,0.6538461538461539
204,2,1,29.065760402357615,41,23,19,4,1,1,0,1.8172306613067666,7,73.12600779096016,58.26848650953375,0.28571976487724554,41,0.8260869565217391
187,30,0,21.773737514851767,47,25,17,8,4,4,2,1.8061270720311933,9,65.0746719250281,57.995216697474646,0.2861240696139779,40,0.68
1667,46,0,20.627119260518562,70,11,8,3,4,0,2,1.4027518369782197,8,75.65771675187662,68.34411914537691,0.35614320066169913,32,0.7272727272727273
214,34,0,21.697819953921872,41,38,36,2,3,1,1,1.6515886336880097,8,76.70338770806788,65.28354869540912,0.23815711177730978,17,0.9473684210526315
104,22,1,25.039592993906144,78,15,11,4,0,1,0,1.844400441452576,5,84.3468206289633,81.65221530116068,0.38682887979878333,4,0.7333333333333333
808,21,1,22.579103462996514,58,29,27,2,3,1,2,1.9864782958850702,3,78.93140903147425,71.81494185767768,0.04767707375625516,34,0.9310344827586207
1849,16,0,21.419023419986114,77,31,30,1,4,0,3,1.6624432693926536,6,79.61146391359836,73.4343639569604,0.25278359063754574,40,0.967741935483871
1379,7,0,28.868725002836168,27,19,17,2,3,0,1,2.1316495117296834,5,78.20291684007225,70.75856409089265,0.2867706183743182,23,0.8947368421052632
199,30,0,22.54316043288865,78,12,7,5,2,2,1,1.703195723563177,7,73.11777478708069,61.72414899122934,0.19088816438174383,37,0.5833333333333334
1674,28,0,32.19835637214928,111,17,15,2,2,1,1,2.0171388474070717,10,67.83780884888735,57.62116290855866,0.1152833545827746,42,0.8823529411764706
1687,1,1,23.36297025500869,24,33,20,13,1,7,0,1.5040591165643398,7,77.88838351659376,72.88311275070846,0.22001498108443962,25,0.6060606060606061
1601,21,1,30.14127357689891,46,37,27,10,1,5,0,0.9749646533725432,8,71.6687523411636,63.121955527854745,0.1458990721162811,11,0.7297297297297297
1805,14,1,24.429277690842508,86,37,34,3,3,1,1,1.807343595207409,3,91.89822620441015,77.93645974800805,0.3636496284271266,2,0.918918918918919
480,9,0,26.85184229299779,77,15,12,3,0,0,0,1.9901296252586502,8,88.42182294773218,83.7472857429214,0.14271696501330197,34,0.8
1959,35,0,20.1015557939291,84,27,21,6,0,9,0,1.9301389327230278,6,34.89904557644642,72.74772420192804,0.5449998005749896,26,0.31284899972810687
642,26,0,19.584963109650353,71,12,8,4,1,3,0,1.8688746645749759,4,55.185374324058316,71.55731210068437,0.35388729757803666,8,0.4910971144483049
1604,32,0,24.83882382005995,85,30,27,3,3,0,2,1.560565213618005,4,74.12040949018822,66.37242955353533,0.15839703655214776,4,0.9
1159,35,1,26.95421296986126,77,21,18,3,3,1,2,1.377301499421763,10,62.38876268652865,60.91139317552626,0.03835925792033641,43,0.8571428571428571
1559,49,0,23.16102600800185,18,30,23,7,2,1,1,1.920691307617512,11,72.83827776678035,59.19522634953154,0.22593694039916334,15,0.7666666666666667
1256,40,0,17.85442665966521,92,29,27,2,2,5,1,1.87057896647931,7,42.17108509968572,71.1114079376053,0.34396852042844295,16,0.34500713913294506
1285,31,1,17.558966534842693,59,39,26,13,0,3,0,1.4756403636624693,11,77.29456474444662,65.19027686383248,0.06927883465327804,29,0.6666666666666666
